,Unnamed: 0.2,Unnamed: 0.1,Unnamed: 0,Player,Wildfire,FInal Sorcery,ヤミナベ!!!! (Dark Hot Pot!!!!) - TE,Vainglorious Demon,Triangle,O'er the Flood,Following the Waving Wings -Last Plaudits-,Apocalypse teller,天使光輪 (ANGEL HALO),Bayonex - ''Xtrablast / V1.1'' Long Ver.,The Solace of Oblivion,B S X,Collapsing,[X],mystique as iris - TE,AMBERGRIS,NiRVANA,Liquated,Labyrinth,99 Glooms,[CODE PHANTOM],Tren 200mg,Katei Shita Natsu,Voices of Svaahaa,Laserbeam (Eliminate Remix),Grow Wings,Dodo,10. CHINA,Byte Me,SCREW // owo // SCREW (LÒwÓng version),Ruby,Metheus - TE,Computer Blues,Blackwater,[BOFXV19]PhonDrome!,The Filthy Mind,Impulsively Responsible,Flash Me Back,Airborne Robots,Welcome To Hell,U.A.D,Moonheart (Mameyudoufu Remix),Dance of the Dead,Teardrop,Never Gonna Give You Up (Camellia Remix),Hydraulic,Cycle Hit,This Could Be Us,The Audacity,ouroboros -twin stroke of the end-,Lovers,K.Moe (VIP) - TE,Hyperdust,Astro Funk,Thundering Typhoons,Skyline,CHOMP,Antonymph (Zizkil Remix),Swerve (Specimen a Remix),I HATE MY PUTER -ALL MY ENEMIES ARE INSIDE IT-,Hyper Theory,ANALYS,Awake Now - TE,Animation,カワキヲアメク (Crying for Rain),Sky Fracture,Party's Over,Orchid,Murasaki (Extend Mix),Maholova,t0Y0u,Fragile - TE,Come on Now,il vento d'oro,アイドル (Idol),Monsta!,XNOR XNOR XNOR (Tournament Edit)
0,0,0,0,snaphap,123556.0,155780.0,68292.0,0.0,39700.0,134704.0,136800.0,170396.0,72928.0,134956.0,137212.0,81248.0,107612.0,58468.0,72812.0,109588.0,72664.0,108800.0,77772.0,68468.0,133020.0,62856.0,84784.0,111612.0,99696.0,84508.0,77064.0,98132.0,75180.0,109240.0,66788.0,57552.0,101456.0,97100.0,58604.0,57536.0,87296.0,130752.0,103484.0,103196.0,49512.0,0.0,51216.0,0.0,66668.0,103244.0,0.0,0.0,66080.0,70424.0,104708.0,88104.0,59968,74836,78248.0,107312.0,72136.0,88592.0,109036.0,87932.0,100668.0,0.0,75928.0,98372.0,87504.0,116192.0,80336.0,66320.0,69880.0,46860.0,64172.0,103484.0,64852.0,105920.0,85724.0,66792.0,0.0
1,1,1,1,CarbonCarbon12,0.0,0.0,68132.0,127780.0,39648.0,134568.0,136288.0,169576.0,72728.0,134660.0,0.0,0.0,107604.0,57311.0,0.0,109564.0,72640.0,108640.0,0.0,0.0,132520.0,62848.0,84748.0,111452.0,0.0,84372.0,0.0,97812.0,0.0,109240.0,66400.0,0.0,101444.0,0.0,58140.0,57536.0,0.0,130616.0,0.0,0.0,0.0,74520.0,0.0,102800.0,0.0,0.0,115440.0,101236.0,66032.0,69536.0,104692.0,0.0,0,74500,78248.0,0.0,72136.0,0.0,0.0,87900.0,0.0,49572.0,0.0,0.0,0.0,0.0,0.0,0.0,0.0,0.0,0.0,0.0,64844.0,0.0,85728.0,66792.0,0.0
2,2,2,2,Aexus,123556.0,155740.0,68292.0,127812.0,39700.0,134632.0,136792.0,170116.0,72920.0,134884.0,136996.0,81184.0,107604.0,58452.0,72812.0,109588.0,72664.0,108800.0,77772.0,68468.0,133012.0,62856.0,84784.0,111572.0,99696.0,84508.0,77088.0,98132.0,75180.0,109232.0,66780.0,57552.0,101456.0,97100.0,58604.0,57536.0,87296.0,130744.0,0.0,0.0,49480.0,0.0,51216.0,102800.0,66668.0,103228.0,115440.0,101404.0,66072.0,70424.0,104700.0,88112.0,59960,0,78240.0,0.0,0.0,0.0,109028.0,87932.0,0.0,49564.0,0.0,0.0,0.0,116048.0,0.0,66328.0,0.0,46852.0,0.0,0.0,64852.0,0.0,0.0,66792.0,0.0
3,3,3,3,TreXDer,123548.0,155776.0,68292.0,127780.0,39700.0,134600.0,136584.0,169964.0,72916.0,134924.0,137188.0,81248.0,107612.0,58432.0,72796.0,109572.0,72664.0,108392.0,77660.0,68460.0,132792.0,62856.0,84780.0,111604.0,99592.0,84244.0,77088.0,98100.0,75180.0,109240.0,66388.0,57552.0,101456.0,97100.0,58604.0,57536.0,87248.0,130688.0,0.0,0.0,49480.0,74520.0,51216.0,102524.0,66644.0,103252.0,115272.0,101300.0,66080.0,70424.0,104708.0,0.0,0,74828,78248.0,0.0,0.0,0.0,109036.0,87932.0,100596.0,49460.0,0.0,0.0,0.0,0.0,0.0,0.0,0.0,0.0,64136.0,103284.0,64852.0,0.0,85728.0,66792.0,0.0
4,4,4,4,Theo,0.0,0.0,0.0,0.0,0.0,133600.0,130924.0,0.0,0.0,0.0,0.0,0.0,107300.0,58132.0,0.0,109224.0,72472.0,0.0,0.0,0.0,131800.0,0.0,84356.0,0.0,99528.0,84236.0,0.0,97668.0,75024.0,109176.0,66640.0,57320.0,101440.0,96908.0,0.0,57464.0,0.0,130192.0,0.0,0.0,0.0,0.0,0.0,102800.0,66484.0,103244.0,115408.0,0.0,0.0,70056.0,104692.0,88004.0,59960,74804,78248.0,107416.0,72136.0,88568.0,108844.0,87924.0,100000.0,49564.0,75892.0,98852.0,87312.0,112193.0,0.0,66304.0,69848.0,46860.0,64156.0,103476.0,64836.0,0.0,85728.0,66792.0,0.0
5,5,5,5,LuminaryCat,122892.0,153149.0,67299.0,126674.0,39604.0,133296.0,135252.0,167322.0,72272.0,133840.0,136748.0,81040.0,107124.0,58368.0,72484.0,109348.0,72640.0,108548.0,77756.0,68172.0,132804.0,62848.0,84696.0,110767.0,99632.0,84476.0,77048.0,97708.0,75164.0,109200.0,66780.0,57536.0,101440.0,97092.0,58580.0,57536.0,87296.0,130640.0,103424.0,103120.0,49456.0,74512.0,51208.0,102824.0,66624.0,103212.0,115352.0,101148.0,65752.0,70256.0,104692.0,88028.0,59944,74800,78248.0,107448.0,72128.0,88564.0,109020.0,87932.0,100636.0,49572.0,75920.0,98880.0,87480.0,116168.0,80480.0,66312.0,69880.0,46860.0,64168.0,103460.0,64848.0,105956.0,85724.0,66792.0,0.0
6,6,6,6,Negative,120497.0,0.0,0.0,0.0,0.0,0.0,90230.0,0.0,66294.0,0.0,130397.0,78902.0,0.0,56692.0,0.0,0.0,71020.0,107848.0,74363.0,67760.0,131284.0,62284.0,0.0,110352.0,98696.0,83244.0,76556.0,94354.0,73435.0,106817.0,66620.0,55534.0,98721.0,96468.0,57380.0,57176.0,86243.0,129181.0,102544.0,103076.0,49059.0,74240.0,51208.0,102340.0,66464.0,102740.0,115196.0,100952.0,0.0,67061.0,104572.0,87692.0,59572,74800,78204.0,106584.0,72092.0,88188.0,108852.0,87868.0,100328.0,49356.0,75920.0,98640.0,86756.0,115900.0,80368.0,65744.0,69492.0,46772.0,64100.0,103340.0,64660.0,105876.0,85728.0,66792.0,0.0
7,7,7,7,Kwazi,0.0,0.0,0.0,0.0,36908.0,0.0,130220.0,0.0,0.0,0.0,0.0,0.0,101090.0,0.0,0.0,0.0,0.0,0.0,0.0,0.0,0.0,0.0,0.0,108324.0,97884.0,83956.0,76704.0,0.0,0.0,108432.0,66620.0,0.0,98039.0,94904.0,0.0,54739.0,0.0,0.0,0.0,102596.0,0.0,74456.0,51192.0,0.0,0.0,102792.0,115248.0,100131.0,0.0,0.0,104592.0,84762.0,0,74072,78200.0,105723.0,0.0,85229.0,0.0,87932.0,0.0,48684.0,75400.0,0.0,87204.0,0.0,0.0,66220.0,69856.0,46740.0,0.0,102652.0,0.0,0.0,84811.0,66792.0,0.0
8,8,8,8,AllPoland,121639.0,148251.0,61496.0,126844.0,0.0,129042.0,127263.0,152094.0,69184.0,128939.0,134099.0,76082.0,105444.0,57824.0,69965.0,108744.0,72164.0,108176.0,77492.0,68140.0,131830.0,62832.0,83520.0,109270.0,99448.0,84312.0,76920.0,97316.0,75092.0,108928.0,66708.0,57480.0,101320.0,96972.0,58092.0,57472.0,87088.0,130624.0,103336.0,103036.0,49456.0,74512.0,51216.0,102792.0,66564.0,103148.0,115392.0,101340.0,64707.0,69816.0,104604.0,87728.0,59904,74788,78248.0,107358.0,72128.0,88392.0,108900.0,87892.0,100524.0,49556.0,75912.0,98840.0,87448.0,115944.0,80424.0,66296.0,69880.0,46844.0,64132.0,103436.0,64852.0,105896.0,85728.0,66792.0,0.0
9,9,9,9,Ricki,123380.0,153952.0,68180.0,127564.0,39452.0,134400.0,136124.0,169508.0,72760.0,134148.0,137032.0,81104.0,107496.0,58364.0,72732.0,109564.0,72656.0,108592.0,77764.0,68452.0,132796.0,62856.0,84504.0,111572.0,99656.0,84416.0,77096.0,98116.0,75012.0,109208.0,66672.0,57552.0,101456.0,97100.0,58588.0,57536.0,87176.0,130728.0,0.0,0.0,49456.0,0.0,0.0,0.0,66668.0,103032.0,115432.0,101288.0,66048.0,70064.0,0.0,0.0,59952,74716,78244.0,0.0,72136.0,0.0,108980.0,87924.0,0.0,0.0,0.0,0.0,0.0,0.0,0.0,0.0,0.0,0.0,0.0,0.0,0.0,0.0,0.0,66788.0,0.0
10,10,10,10,Ballinbino,122276.0,149834.0,66183.0,127264.0,0.0,133228.0,0.0,165775.0,70847.0,131672.0,134526.0,79972.0,107104.0,56944.0,71432.0,109124.0,71388.0,108188.0,0.0,67948.0,130071.0,62848.0,0.0,110244.0,99616.0,84316.0,76684.0,95590.0,74568.0,109096.0,66512.0,57320.0,101028.0,97044.0,58108.0,57400.0,86588.0,130332.0,102956.0,103084.0,49144.0,74452.0,51072.0,102792.0,66184.0,103136.0,115432.0,100944.0,65419.0,69216.0,104684.0,87940.0,59952,74464,78240.0,107152.0,72128.0,88340.0,109036.0,87900.0,100620.0,49444.0,75492.0,98860.0,87444.0,115876.0,80400.0,66040.0,69860.0,46860.0,64148.0,103436.0,64820.0,105916.0,85704.0,66788.0,0.0
11,11,11,11,Luna,123052.0,149205.0,64920.0,1.0,38736.0,130936.0,130637.0,163254.0,70463.0,0.0,135116.0,80536.0,105302.0,57716.0,0.0,0.0,72472.0,108368.0,77732.0,68196.0,132744.0,62660.0,83660.0,110948.0,99196.0,84196.0,77020.0,97211.0,74916.0,108804.0,66748.0,57320.0,100660.0,97048.0,58428.0,57472.0,87168.0,130168.0,103156.0,102844.0,49456.0,74488.0,51208.0,102436.0,66588.0,103068.0,115312.0,101176.0,42069.0,68672.0,104628.0,87988.0,59928,74788,78220.0,107448.0,71920.0,88456.0,108996.0,87924.0,100492.0,49540.0,75928.0,98808.0,87372.0,116176.0,80496.0,66320.0,69652.0,46836.0,64148.0,103484.0,64796.0,105828.0,85704.0,66784.0,0.0
12,12,12,12,gav,122327.0,155144.0,67508.0,127452.0,39572.0,134504.0,135944.0,167575.0,72392.0,133579.0,136964.0,81168.0,107508.0,58444.0,72636.0,109468.0,72576.0,108792.0,77692.0,68292.0,132972.0,62388.0,84784.0,111596.0,99640.0,84492.0,77032.0,97780.0,75172.0,108832.0,66756.0,57376.0,101276.0,0.0,58300.0,57536.0,87256.0,130712.0,0.0,103140.0,49464.0,74504.0,51216.0,102824.0,66500.0,103212.0,115432.0,101188.0,66032.0,69904.0,104272.0,88088.0,59928,74836,78060.0,107376.0,72088.0,88584.0,108968.0,87924.0,0.0,0.0,75912.0,98896.0,87472.0,116108.0,80472.0,66328.0,69792.0,46820.0,64148.0,99408.0,64844.0,105464.0,85212.0,66784.0,0.0
13,13,13,13,C4veden,0.0,0.0,0.0,0.0,38224.0,127241.0,0.0,160607.0,0.0,132476.0,0.0,80560.0,0.0,0.0,0.0,0.0,0.0,108016.0,0.0,0.0,129863.0,0.0,0.0,0.0,99264.0,0.0,0.0,0.0,0.0,0.0,65234.0,0.0,100024.0,96748.0,0.0,57460.0,0.0,128180.0,0.0,0.0,0.0,0.0,0.0,0.0,0.0,0.0,0.0,100712.0,0.0,67579.0,0.0,0.0,0,0,78248.0,0.0,0.0,0.0,0.0,0.0,0.0,0.0,0.0,0.0,0.0,0.0,0.0,65320.0,69856.0,0.0,0.0,0.0,0.0,0.0,0.0,66784.0,0.0
14,14,14,14,jif,123396.0,154971.0,67108.0,0.0,39460.0,134080.0,134924.0,163454.0,71804.0,133228.0,135955.0,0.0,107420.0,57608.0,72284.0,109404.0,72608.0,108544.0,77380.0,68200.0,132780.0,0.0,84408.0,111048.0,99488.0,84308.0,76728.0,0.0,75012.0,109176.0,66748.0,57552.0,101300.0,97092.0,58588.0,57332.0,87224.0,130672.0,103364.0,103124.0,49424.0,74500.0,51168.0,102728.0,66484.0,103188.0,115392.0,100204.0,65800.0,69372.0,104500.0,88040.0,59944,74604,78240.0,107424.0,72128.0,0.0,0.0,87852.0,0.0,49556.0,75864.0,98840.0,0.0,116016.0,80416.0,66208.0,69852.0,46788.0,64140.0,103428.0,64820.0,105800.0,85688.0,66784.0,0.0
15,15,15,15,DFeth,123540.0,155652.0,68276.0,127804.0,39700.0,134600.0,136592.0,169804.0,72928.0,134932.0,137148.0,81216.0,107604.0,58404.0,72796.0,109580.0,72664.0,108768.0,77772.0,68460.0,132964.0,62856.0,84784.0,111532.0,99696.0,84500.0,77056.0,97876.0,75132.0,109232.0,66788.0,57552.0,101416.0,97100.0,58596.0,57520.0,87208.0,130624.0,103316.0,103124.0,49512.0,74520.0,51216.0,102832.0,66540.0,103220.0,115039.0,101144.0,66040.0,70360.0,104708.0,88112.0,59960,74836,78240.0,107248.0,72128.0,88592.0,109036.0,87932.0,100660.0,49572.0,75928.0,98896.0,87468.0,116108.0,80456.0,66328.0,69784.0,46860.0,64172.0,103484.0,64840.0,105944.0,85728.0,66780.0,0.0
16,16,16,16,Khromatical,123396.0,0.0,67163.0,127592.0,39652.0,0.0,134003.0,165239.0,71696.0,134028.0,136448.0,80501.0,106812.0,58388.0,0.0,109508.0,72656.0,108604.0,77644.0,68420.0,132868.0,62800.0,0.0,0.0,99696.0,84452.0,77088.0,98076.0,75052.0,109056.0,66556.0,57544.0,101448.0,97100.0,58444.0,57536.0,87188.0,130568.0,103164.0,0.0,49480.0,74504.0,51216.0,102832.0,66628.0,103132.0,115440.0,101412.0,66008.0,70096.0,104688.0,87944.0,59928,74600,78216.0,107308.0,72136.0,88188.0,108940.0,87924.0,100112.0,49564.0,75904.0,98852.0,87280.0,115776.0,80204.0,66236.0,69680.0,46844.0,64052.0,103428.0,64812.0,105836.0,85584.0,66776.0,0.0
17,17,17,17,MrCringe,123472.0,154824.0,68020.0,0.0,39636.0,134016.0,135936.0,168476.0,72480.0,134520.0,0.0,0.0,107456.0,58284.0,72556.0,109384.0,72640.0,108688.0,77260.0,68308.0,132692.0,62856.0,84760.0,0.0,99224.0,84468.0,77048.0,97772.0,75044.0,109192.0,66740.0,57400.0,101344.0,0.0,58604.0,57520.0,87220.0,130608.0,0.0,103156.0,49504.0,74508.0,51208.0,102752.0,66616.0,103204.0,115416.0,101020.0,66004.0,70272.0,104228.0,0.0,59944,74812,78212.0,0.0,72112.0,88520.0,108836.0,87868.0,0.0,49556.0,75872.0,0.0,0.0,0.0,0.0,66296.0,69864.0,46852.0,64164.0,0.0,64412.0,0.0,85688.0,66772.0,0.0
18,18,18,18,AbysmalCosmos,0.0,0.0,63312.0,0.0,34053.0,0.0,124730.0,0.0,70316.0,0.0,133827.0,76472.0,107104.0,57293.0,0.0,0.0,70970.0,108076.0,0.0,67452.0,0.0,61592.0,0.0,0.0,99136.0,83892.0,76756.0,96451.0,0.0,108504.0,66676.0,0.0,101076.0,95972.0,57836.0,57304.0,86584.0,130264.0,0.0,102916.0,49304.0,74464.0,51176.0,102032.0,64604.0,103104.0,115384.0,100031.0,0.0,69016.0,104008.0,87752.0,59760,74740,78204.0,0.0,72040.0,0.0,0.0,87788.0,98983.0,49476.0,0.0,0.0,87336.0,0.0,80324.0,66216.0,69135.0,46756.0,63856.0,103396.0,64668.0,0.0,85704.0,66748.0,0.0
19,19,19,19,Joy,0.0,0.0,0.0,0.0,0.0,85898.0,0.0,0.0,0.0,0.0,0.0,0.0,0.0,55377.0,0.0,0.0,0.0,0.0,0.0,0.0,0.0,61860.0,0.0,0.0,98504.0,0.0,76131.0,0.0,0.0,0.0,64656.0,0.0,100828.0,96780.0,54959.0,0.0,0.0,0.0,102392.0,101464.0,49172.0,74448.0,50848.0,102252.0,66152.0,103040.0,114704.0,100544.0,0.0,67654.0,104212.0,87896.0,59212,74095,0.0,106680.0,72004.0,87716.0,0.0,87588.0,96553.0,49260.0,75532.0,97644.0,87224.0,113719.0,79900.0,65584.0,69296.0,46492.0,63964.0,103048.0,64556.0,0.0,85432.0,66744.0,0.0
20,20,20,20,Schroeder,122652.0,0.0,0.0,124854.0,38672.0,126750.0,0.0,151169.0,68895.0,0.0,131166.0,0.0,103183.0,57772.0,69191.0,108063.0,71136.0,106232.0,75560.0,67536.0,129399.0,61879.0,82832.0,109408.0,94737.0,83260.0,0.0,0.0,73955.0,0.0,65340.0,56944.0,100420.0,95860.0,56835.0,56700.0,85760.0,128390.0,102748.0,101947.0,48782.0,74316.0,50544.0,99367.0,64386.0,102380.0,114460.0,0.0,0.0,67139.0,104220.0,87532.0,58968,73433,0.0,104896.0,71656.0,87644.0,0.0,87700.0,98755.0,49428.0,75692.0,98800.0,86732.0,115012.0,79584.0,65328.0,69236.0,46324.0,64024.0,102968.0,64072.0,0.0,85296.0,66728.0,0.0
21,21,21,21,Edge,120399.0,150434.0,62241.0,126680.0,37428.0,125588.0,130368.0,164868.0,67671.0,129440.0,0.0,79896.0,105568.0,56497.0,69912.0,108672.0,72200.0,105580.0,75776.0,67712.0,131084.0,61196.0,81399.0,108774.0,99672.0,82828.0,76296.0,96923.0,75140.0,107724.0,66484.0,57432.0,99440.0,96744.0,57904.0,55952.0,85608.0,129760.0,102160.0,0.0,49396.0,74024.0,51200.0,102424.0,66108.0,102972.0,115404.0,100664.0,63042.0,0.0,104552.0,87904.0,59652,74812,78216.0,106748.0,72120.0,88276.0,108451.0,87932.0,100040.0,49250.0,75864.0,98776.0,86676.0,114908.0,79112.0,65270.0,69752.0,46828.0,64132.0,103332.0,64740.0,105300.0,85476.0,66672.0,0.0
22,22,22,22,Loosiano,0.0,0.0,0.0,0.0,38432.0,0.0,131162.0,162213.0,0.0,0.0,134492.0,79940.0,106296.0,58116.0,0.0,109136.0,72560.0,108460.0,77244.0,68336.0,132816.0,62756.0,0.0,111148.0,99488.0,84068.0,77016.0,98068.0,75132.0,108968.0,66772.0,57360.0,101336.0,96972.0,58516.0,57496.0,86864.0,130608.0,103108.0,102768.0,49472.0,74504.0,51216.0,102824.0,66484.0,103044.0,115304.0,101316.0,65840.0,69776.0,104644.0,88044.0,59968,74776,0.0,107352.0,72104.0,0.0,0.0,87844.0,0.0,49524.0,75880.0,0.0,87324.0,0.0,0.0,66216.0,0.0,46820.0,63972.0,103388.0,64820.0,105788.0,85540.0,66668.0,0.0
23,23,23,23,Farsan Baloo,0.0,0.0,0.0,0.0,38476.0,131128.0,0.0,0.0,69345.0,0.0,0.0,0.0,0.0,0.0,0.0,108583.0,72192.0,101770.0,0.0,0.0,0.0,0.0,0.0,0.0,98236.0,0.0,0.0,94511.0,0.0,0.0,66612.0,57192.0,0.0,95592.0,57355.0,56820.0,0.0,130648.0,102928.0,101460.0,49080.0,74160.0,51088.0,102464.0,66276.0,102748.0,114988.0,0.0,0.0,69384.0,0.0,87660.0,59588,0,0.0,0.0,71736.0,0.0,0.0,87756.0,99158.0,49384.0,0.0,98512.0,86880.0,0.0,79892.0,65364.0,69760.0,46804.0,63768.0,0.0,0.0,0.0,0.0,66516.0,0.0
24,24,24,24,PickPig,0.0,0.0,0.0,0.0,0.0,0.0,0.0,0.0,0.0,0.0,0.0,0.0,0.0,0.0,0.0,0.0,0.0,0.0,0.0,0.0,0.0,62616.0,0.0,0.0,0.0,0.0,0.0,0.0,0.0,0.0,66100.0,0.0,101292.0,0.0,0.0,0.0,86916.0,0.0,102632.0,0.0,49432.0,0.0,50471.0,0.0,65864.0,0.0,114684.0,101092.0,65492.0,0.0,0.0,0.0,0,74308,78212.0,0.0,0.0,88316.0,108712.0,87644.0,100220.0,49564.0,75760.0,98492.0,86804.0,0.0,79980.0,65592.0,68920.0,46716.0,63880.0,102944.0,64548.0,105624.0,85432.0,66476.0,0.0
25,25,25,25,Minnie,0.0,131554.0,64240.0,121758.0,38091.0,126487.0,121795.0,111540.0,65810.0,127160.0,52938.0,78936.0,104439.0,55312.0,69708.0,107700.0,68906.0,106322.0,75124.0,64828.0,130155.0,60459.0,79884.0,109339.0,97542.0,80546.0,74636.0,93278.0,72288.0,106199.0,65532.0,56420.0,96005.0,95680.0,56535.0,56112.0,85056.0,125613.0,102652.0,102244.0,48928.0,73680.0,50472.0,101452.0,64171.0,102328.0,113556.0,99069.0,63788.0,68351.0,103168.0,87340.0,58928,73528,77728.0,105732.0,71804.0,87544.0,107792.0,86920.0,99276.0,49136.0,75420.0,97528.0,85838.0,114592.0,79678.0,65008.0,68612.0,46420.0,63068.0,102668.0,64348.0,104157.0,0.0,66340.0,0.0
26,26,26,26,SR,122828.0,0.0,64359.0,0.0,0.0,0.0,0.0,0.0,69921.0,0.0,0.0,0.0,0.0,56544.0,70544.0,0.0,72108.0,101608.0,0.0,0.0,0.0,0.0,0.0,0.0,0.0,0.0,0.0,0.0,0.0,0.0,65284.0,54651.0,0.0,0.0,0.0,0.0,0.0,128232.0,0.0,100520.0,48740.0,73142.0,50680.0,100234.0,65702.0,101602.0,114588.0,0.0,0.0,63466.0,102664.0,87432.0,0,0,0.0,0.0,0.0,0.0,0.0,86776.0,97991.0,49076.0,75432.0,97712.0,0.0,0.0,79576.0,65560.0,68764.0,46772.0,63088.0,103004.0,0.0,104908.0,85544.0,66336.0,0.0
27,27,27,27,metalman20,0.0,0.0,0.0,0.0,0.0,0.0,0.0,0.0,0.0,0.0,0.0,0.0,0.0,55519.0,0.0,0.0,0.0,0.0,0.0,42237.0,0.0,0.0,0.0,0.0,0.0,0.0,0.0,0.0,0.0,0.0,65264.0,0.0,0.0,96508.0,54480.0,0.0,0.0,0.0,0.0,102964.0,49044.0,74204.0,0.0,0.0,0.0,0.0,113351.0,0.0,0.0,70000.0,0.0,87664.0,0,0,0.0,0.0,72076.0,0.0,0.0,0.0,0.0,49556.0,75476.0,97932.0,86988.0,113457.0,79576.0,0.0,0.0,0.0,0.0,0.0,64544.0,0.0,85676.0,66328.0,0.0
28,28,28,28,Hongto,121135.0,0.0,48033.0,0.0,0.0,0.0,0.0,0.0,25882.0,0.0,41700.0,0.0,0.0,0.0,69004.0,0.0,68137.0,0.0,0.0,0.0,0.0,0.0,0.0,0.0,0.0,0.0,0.0,0.0,0.0,0.0,64189.0,0.0,0.0,0.0,0.0,0.0,0.0,0.0,0.0,0.0,0.0,74076.0,49661.0,0.0,65484.0,0.0,112498.0,100328.0,0.0,67528.0,0.0,86956.0,0,0,0.0,0.0,71644.0,86216.0,107288.0,87108.0,99859.0,48067.0,0.0,0.0,86487.0,115136.0,79840.0,63434.0,67996.0,46320.0,63024.0,102000.0,64131.0,105604.0,85568.0,66256.0,0.0
29,29,29,29,eyelur,0.0,19864.0,14608.0,109324.0,14103.0,46071.0,27625.0,18626.0,12477.0,15800.0,23656.0,63025.0,39136.0,52769.0,36978.0,38544.0,40114.0,96524.0,35529.0,62211.0,112038.0,43133.0,45667.0,97981.0,91051.0,73881.0,68010.0,19831.0,70481.0,98661.0,61131.0,45961.0,91708.0,93162.0,48648.0,48595.0,81437.0,92654.0,100160.0,92061.0,47640.0,63843.0,49400.0,90378.0,60583.0,93135.0,108511.0,92623.0,24287.0,16684.0,100780.0,83464.0,56120,73340,77472.0,97138.0,70916.0,86999.0,106544.0,86708.0,96937.0,48716.0,71460.0,97224.0,84611.0,110838.0,76524.0,63631.0,67556.0,46148.0,62864.0,102728.0,62568.0,104844.0,83826.0,66156.0,0.0
30,30,30,30,TheWay123,0.0,0.0,0.0,123827.0,39464.0,130507.0,127521.0,0.0,0.0,0.0,0.0,0.0,0.0,0.0,0.0,0.0,0.0,0.0,0.0,0.0,0.0,0.0,0.0,0.0,0.0,0.0,0.0,0.0,0.0,0.0,0.0,0.0,100632.0,0.0,0.0,0.0,0.0,0.0,0.0,0.0,49128.0,73704.0,50736.0,0.0,0.0,102028.0,113648.0,99152.0,0.0,68736.0,104384.0,0.0,0,74548,77952.0,0.0,72024.0,87732.0,107708.0,87680.0,98483.0,49572.0,75032.0,97800.0,86792.0,115892.0,79435.0,65203.0,0.0,46772.0,0.0,0.0,64568.0,0.0,85196.0,66144.0,0.0
31,31,31,31,Velvet,0.0,0.0,0.0,0.0,0.0,0.0,0.0,0.0,0.0,0.0,0.0,0.0,0.0,0.0,0.0,0.0,0.0,0.0,0.0,0.0,0.0,0.0,0.0,0.0,29697.0,0.0,0.0,0.0,0.0,0.0,0.0,0.0,0.0,92403.0,0.0,0.0,0.0,0.0,0.0,98992.0,0.0,72252.0,49052.0,96399.0,0.0,0.0,112387.0,72331.0,0.0,0.0,47892.0,63984.0,0,0,76624.0,59339.0,69737.0,82904.0,105171.0,82954.0,49584.0,45425.0,0.0,97307.0,85720.0,0.0,77723.0,0.0,66194.0,45202.0,59511.0,98564.0,63292.0,0.0,84520.0,66056.0,0.0
32,32,32,32,HalloweenBaby,0.0,0.0,9282.0,34270.0,28743.0,28872.0,15224.0,13708.0,4663.0,0.0,0.0,71540.0,0.0,51105.0,0.0,96937.0,28753.0,98025.0,67774.0,60667.0,20979.0,52375.0,12897.0,25240.0,94198.0,20621.0,68408.0,20968.0,65850.0,100544.0,61899.0,46336.0,93316.0,94147.0,54350.0,48060.0,58603.0,47931.0,98887.0,0.0,43704.0,62932.0,49524.0,94203.0,63048.0,97815.0,112683.0,95360.0,24320.0,51859.0,96083.0,0.0,54603,71612,77064.0,93324.0,70395.0,83180.0,105451.0,86392.0,95966.0,45627.0,66604.0,95771.0,84233.0,108245.0,73475.0,58258.0,65843.0,45892.0,62087.0,100912.0,63756.0,104468.0,84220.0,66952.0,0.0
33,33,33,33,Qi,0.0,0.0,0.0,0.0,0.0,0.0,0.0,0.0,0.0,0.0,0.0,0.0,0.0,0.0,0.0,0.0,0.0,0.0,0.0,0.0,0.0,0.0,0.0,0.0,0.0,0.0,74816.0,0.0,0.0,0.0,0.0,0.0,0.0,0.0,0.0,0.0,0.0,127868.0,0.0,0.0,0.0,0.0,0.0,0.0,64960.0,0.0,0.0,0.0,0.0,0.0,0.0,0.0,0,0,0.0,0.0,0.0,0.0,0.0,0.0,0.0,0.0,0.0,0.0,0.0,0.0,0.0,0.0,0.0,0.0,0.0,0.0,0.0,0.0,0.0,65692.0,0.0
34,34,34,34,ThyBoyeth,0.0,0.0,0.0,0.0,33768.0,0.0,0.0,0.0,0.0,100223.0,0.0,0.0,0.0,0.0,0.0,98682.0,66408.0,0.0,0.0,62354.0,0.0,0.0,0.0,0.0,0.0,0.0,0.0,0.0,0.0,0.0,0.0,0.0,97552.0,94339.0,0.0,0.0,0.0,0.0,0.0,0.0,0.0,0.0,0.0,0.0,0.0,0.0,0.0,26418.0,58423.0,0.0,101479.0,0.0,0,70000,77340.0,0.0,0.0,0.0,0.0,83446.0,0.0,0.0,0.0,0.0,0.0,0.0,0.0,0.0,0.0,0.0,61951.0,0.0,0.0,0.0,0.0,65580.0,0.0
35,35,35,35,Dama,0.0,0.0,0.0,0.0,27409.0,0.0,0.0,0.0,0.0,0.0,0.0,63973.0,14940.0,0.0,0.0,0.0,0.0,105564.0,62247.0,60279.0,0.0,0.0,39094.0,0.0,97250.0,83148.0,72034.0,0.0,64590.0,0.0,0.0,0.0,97742.0,93680.0,0.0,49757.0,0.0,0.0,100244.0,0.0,46136.0,68551.0,50060.0,95606.0,0.0,0.0,104965.0,0.0,0.0,58760.0,95456.0,84967.0,58996,73880,77716.0,0.0,70748.0,85181.0,104603.0,87308.0,94302.0,47670.0,74196.0,96955.0,85436.0,108822.0,77036.0,63396.0,68424.0,46015.0,62848.0,102184.0,63900.0,105012.0,84176.0,65487.0,0.0
36,36,36,36,SkaryBoi,0.0,0.0,0.0,0.0,0.0,0.0,0.0,0.0,0.0,0.0,0.0,0.0,0.0,48655.0,0.0,0.0,0.0,0.0,0.0,0.0,0.0,47830.0,0.0,0.0,90588.0,0.0,0.0,0.0,0.0,0.0,57951.0,0.0,61820.0,87686.0,0.0,0.0,79830.0,0.0,95135.0,18599.0,43206.0,63977.0,46105.0,93881.0,0.0,95791.0,0.0,73584.0,0.0,17637.0,97173.0,80924.0,54577,68089,74519.0,92646.0,70676.0,84347.0,104886.0,84707.0,91272.0,46139.0,52878.0,95392.0,85384.0,46724.0,73640.0,61056.0,67552.0,45772.0,62896.0,100972.0,61776.0,104052.0,83998.0,65464.0,0.0
37,37,37,37,Eraser,0.0,0.0,0.0,111163.0,0.0,44371.0,27770.0,17154.0,7944.0,82345.0,18397.0,0.0,9230.0,0.0,13725.0,87928.0,61736.0,91355.0,58419.0,0.0,0.0,56811.0,0.0,0.0,97920.0,25930.0,0.0,19672.0,42370.0,105144.0,26177.0,0.0,87016.0,95323.0,48195.0,47417.0,0.0,111965.0,0.0,0.0,41656.0,66556.0,46891.0,88295.0,0.0,0.0,0.0,94431.0,0.0,0.0,98291.0,80760.0,49369,69036,75258.0,0.0,68824.0,0.0,106704.0,0.0,91347.0,42327.0,61429.0,0.0,0.0,45161.0,67692.0,0.0,67693.0,44640.0,0.0,95896.0,55962.0,0.0,84088.0,64867.0,0.0
38,38,38,38,BettyChoue,0.0,0.0,0.0,0.0,0.0,0.0,0.0,17683.0,0.0,90759.0,0.0,0.0,93204.0,53775.0,0.0,100200.0,38809.0,100931.0,64678.0,59764.0,0.0,58825.0,55882.0,98883.0,93691.0,24793.0,68591.0,0.0,70966.0,0.0,58573.0,51610.0,93373.0,94988.0,0.0,0.0,0.0,77107.0,0.0,0.0,46439.0,0.0,49440.0,99512.0,62019.0,92326.0,111720.0,95607.0,54244.0,41656.0,100203.0,0.0,55872,0,76248.0,58520.0,70816.0,83024.0,101620.0,83908.0,92272.0,46816.0,71983.0,93724.0,85228.0,0.0,0.0,58013.0,66128.0,44725.0,61056.0,100804.0,62384.0,102124.0,83412.0,63984.0,0.0
39,39,39,39,CruBop,0.0,0.0,0.0,0.0,14340.0,0.0,0.0,0.0,0.0,0.0,0.0,0.0,0.0,0.0,0.0,0.0,0.0,94716.0,0.0,0.0,0.0,0.0,0.0,0.0,90902.0,0.0,0.0,0.0,0.0,0.0,54554.0,0.0,88942.0,85956.0,0.0,45217.0,0.0,0.0,0.0,0.0,0.0,0.0,0.0,0.0,59379.0,0.0,106603.0,0.0,9303.0,0.0,94440.0,0.0,0,65594,73644.0,0.0,66964.0,0.0,0.0,82364.0,0.0,0.0,0.0,0.0,0.0,0.0,0.0,0.0,0.0,0.0,0.0,0.0,59587.0,0.0,0.0,62260.0,0.0
40,40,40,40,Mortal_Tombat,0.0,0.0,0.0,0.0,0.0,0.0,0.0,0.0,0.0,0.0,0.0,0.0,0.0,0.0,0.0,0.0,0.0,0.0,0.0,0.0,0.0,0.0,0.0,0.0,0.0,0.0,0.0,0.0,0.0,0.0,0.0,0.0,0.0,0.0,0.0,0.0,0.0,0.0,0.0,0.0,0.0,0.0,0.0,0.0,0.0,0.0,0.0,0.0,0.0,0.0,0.0,0.0,0,0,0.0,0.0,0.0,0.0,0.0,0.0,0.0,0.0,0.0,0.0,0.0,0.0,0.0,0.0,0.0,0.0,0.0,0.0,7391.0,0.0,0.0,61976.0,0.0
41,41,41,41,Mizhi,0.0,0.0,0.0,35614.0,13174.0,27883.0,0.0,0.0,0.0,0.0,20503.0,0.0,27839.0,0.0,0.0,0.0,0.0,0.0,0.0,35020.0,0.0,0.0,0.0,0.0,0.0,0.0,69659.0,0.0,8048.0,0.0,0.0,0.0,29363.0,86214.0,50464.0,49056.0,79329.0,39636.0,91518.0,0.0,0.0,0.0,0.0,0.0,59654.0,0.0,108970.0,0.0,0.0,0.0,0.0,81883.0,0,0,67895.0,0.0,65187.0,83058.0,87737.0,0.0,0.0,0.0,0.0,0.0,0.0,0.0,0.0,0.0,9994.0,35225.0,57175.0,0.0,0.0,0.0,0.0,60720.0,0.0
42,42,42,42,sgtwhiskeyjack,0.0,0.0,0.0,0.0,0.0,0.0,0.0,0.0,0.0,0.0,0.0,0.0,0.0,0.0,0.0,0.0,0.0,0.0,0.0,0.0,0.0,0.0,0.0,0.0,0.0,0.0,0.0,0.0,0.0,0.0,0.0,0.0,0.0,0.0,0.0,0.0,0.0,0.0,0.0,0.0,0.0,0.0,0.0,0.0,0.0,0.0,0.0,0.0,0.0,0.0,0.0,0.0,0,0,0.0,0.0,0.0,39887.0,0.0,0.0,0.0,0.0,0.0,0.0,0.0,31485.0,0.0,0.0,0.0,0.0,50308.0,91712.0,0.0,0.0,0.0,58898.0,0.0
43,43,43,43,Fulmi,0.0,1882.0,0.0,0.0,0.0,8886.0,0.0,0.0,0.0,0.0,0.0,0.0,0.0,0.0,0.0,0.0,0.0,0.0,0.0,24388.0,0.0,0.0,0.0,0.0,0.0,11429.0,0.0,0.0,0.0,13335.0,19070.0,13120.0,0.0,0.0,46451.0,0.0,47513.0,26900.0,90462.0,7341.0,31703.0,17026.0,44244.0,22579.0,58751.0,16846.0,0.0,70483.0,0.0,3994.0,0.0,0.0,0,4268,75066.0,0.0,85023.0,80931.0,72558.0,0.0,8224.0,0.0,0.0,0.0,40738.0,0.0,0.0,0.0,0.0,43057.0,0.0,0.0,0.0,0.0,32360.0,57821.0,0.0
44,44,44,44,Axol,0.0,0.0,0.0,126736.0,34976.0,0.0,119376.0,0.0,0.0,0.0,0.0,0.0,104364.0,55838.0,0.0,107459.0,0.0,0.0,0.0,0.0,0.0,0.0,0.0,110248.0,0.0,92932.0,0.0,95645.0,0.0,0.0,64519.0,0.0,0.0,95856.0,56517.0,0.0,0.0,128320.0,102804.0,0.0,0.0,0.0,50820.0,0.0,0.0,101907.0,0.0,100464.0,63906.0,0.0,103900.0,0.0,0,0,78192.0,0.0,72104.0,88012.0,108367.0,87564.0,0.0,49420.0,0.0,98700.0,0.0,115640.0,0.0,0.0,0.0,46804.0,63636.0,103140.0,64644.0,105756.0,85696.0,0.0,0.0
45,45,45,45,Moonlet,0.0,0.0,0.0,0.0,36106.0,0.0,0.0,0.0,0.0,0.0,0.0,0.0,0.0,0.0,0.0,0.0,0.0,0.0,0.0,0.0,0.0,0.0,0.0,0.0,0.0,0.0,0.0,0.0,0.0,0.0,0.0,0.0,0.0,96232.0,0.0,0.0,0.0,127475.0,0.0,0.0,48976.0,0.0,0.0,101435.0,0.0,101744.0,0.0,0.0,0.0,0.0,0.0,0.0,0,74304,0.0,106088.0,71904.0,0.0,0.0,0.0,0.0,0.0,75520.0,0.0,87120.0,0.0,0.0,0.0,0.0,46368.0,0.0,0.0,0.0,0.0,85672.0,66072.0,0.0
46,46,46,46,3Stans,0.0,0.0,65419.0,127152.0,0.0,130255.0,133476.0,161547.0,69877.0,131363.0,0.0,78279.0,106940.0,58184.0,71276.0,108712.0,72208.0,108080.0,77100.0,0.0,0.0,62528.0,81590.0,109807.0,99440.0,83740.0,0.0,0.0,0.0,108470.0,66620.0,57432.0,0.0,96876.0,58364.0,57360.0,86820.0,130264.0,0.0,102956.0,49296.0,0.0,51052.0,102316.0,65564.0,102988.0,115352.0,101060.0,65348.0,69112.0,0.0,87976.0,59904,74652,78216.0,107296.0,72088.0,0.0,108588.0,87636.0,0.0,49336.0,75824.0,0.0,87408.0,0.0,0.0,65024.0,0.0,0.0,0.0,103180.0,0.0,0.0,85644.0,0.0,0.0
47,47,47,47,Halflite,121191.0,151333.0,65956.0,126832.0,0.0,131351.0,129200.0,164738.0,69869.0,128916.0,134127.0,79400.0,106256.0,56436.0,69595.0,108760.0,72248.0,107912.0,77268.0,66055.0,129832.0,62175.0,82412.0,110788.0,97968.0,83284.0,76728.0,96644.0,73992.0,108552.0,66300.0,57204.0,100936.0,97020.0,55265.0,57192.0,86912.0,129352.0,102198.0,0.0,49284.0,73683.0,51032.0,101868.0,66020.0,102388.0,114676.0,98574.0,64474.0,67168.0,103456.0,83248.0,59792,74300,78184.0,106376.0,71992.0,88080.0,108472.0,87660.0,98571.0,49348.0,75108.0,98808.0,87128.0,115154.0,80104.0,66128.0,69756.0,46184.0,63940.0,102932.0,64772.0,105552.0,85624.0,0.0,0.0
48,48,48,48,VorticoseRock05,121812.0,0.0,62418.0,0.0,38512.0,130756.0,0.0,155009.0,65669.0,0.0,0.0,79412.0,107200.0,0.0,71056.0,108300.0,72024.0,108332.0,0.0,0.0,0.0,0.0,0.0,0.0,99288.0,83648.0,0.0,94255.0,74176.0,0.0,66628.0,56472.0,100660.0,96388.0,57268.0,57256.0,0.0,130300.0,0.0,0.0,49132.0,0.0,50832.0,102688.0,66460.0,0.0,114856.0,100460.0,0.0,69191.0,103860.0,0.0,0,74004,77648.0,106344.0,0.0,0.0,0.0,87028.0,0.0,48892.0,75616.0,98592.0,0.0,115140.0,0.0,65708.0,0.0,46844.0,64092.0,0.0,64580.0,105804.0,85300.0,0.0,0.0
49,49,49,49,TypeY,0.0,0.0,45425.0,0.0,0.0,0.0,0.0,0.0,67903.0,0.0,0.0,0.0,0.0,0.0,71640.0,0.0,0.0,0.0,0.0,65898.0,0.0,0.0,0.0,0.0,0.0,0.0,0.0,0.0,0.0,0.0,0.0,0.0,0.0,0.0,0.0,0.0,0.0,0.0,0.0,0.0,0.0,0.0,0.0,0.0,66072.0,0.0,0.0,0.0,0.0,68664.0,0.0,0.0,0,0,0.0,0.0,0.0,0.0,0.0,0.0,0.0,0.0,75760.0,0.0,0.0,0.0,0.0,0.0,0.0,0.0,0.0,103220.0,0.0,0.0,85280.0,0.0,0.0
50,50,50,50,sodapants,0.0,0.0,0.0,0.0,0.0,0.0,125087.0,0.0,0.0,0.0,0.0,0.0,0.0,58348.0,0.0,104852.0,0.0,106228.0,74188.0,0.0,0.0,0.0,0.0,107922.0,0.0,83612.0,76000.0,96460.0,0.0,0.0,65559.0,56744.0,100032.0,96364.0,57420.0,0.0,86672.0,128282.0,0.0,0.0,48231.0,0.0,51144.0,0.0,64344.0,0.0,0.0,99584.0,0.0,49212.0,103915.0,0.0,0,72656,77928.0,106212.0,71904.0,0.0,108564.0,0.0,99664.0,49564.0,74928.0,98532.0,86488.0,114774.0,79664.0,65768.0,68696.0,46852.0,63972.0,0.0,64676.0,0.0,85207.0,0.0,0.0
51,51,51,51,Banda,0.0,0.0,0.0,0.0,0.0,0.0,0.0,0.0,0.0,0.0,0.0,0.0,0.0,0.0,0.0,0.0,63330.0,0.0,0.0,0.0,0.0,0.0,0.0,0.0,0.0,0.0,0.0,0.0,0.0,0.0,64172.0,0.0,0.0,0.0,0.0,0.0,0.0,0.0,0.0,0.0,0.0,0.0,0.0,0.0,0.0,0.0,113469.0,0.0,0.0,0.0,0.0,0.0,0,0,0.0,0.0,0.0,0.0,0.0,0.0,0.0,0.0,0.0,0.0,0.0,0.0,0.0,0.0,0.0,0.0,0.0,0.0,0.0,0.0,84946.0,0.0,0.0
52,52,52,52,forklift,0.0,0.0,0.0,0.0,0.0,0.0,0.0,0.0,0.0,0.0,0.0,0.0,0.0,56179.0,0.0,106251.0,71456.0,0.0,0.0,0.0,0.0,0.0,0.0,0.0,0.0,0.0,0.0,0.0,0.0,0.0,0.0,0.0,0.0,0.0,0.0,0.0,0.0,0.0,0.0,0.0,0.0,0.0,0.0,0.0,0.0,0.0,0.0,0.0,0.0,0.0,0.0,0.0,0,0,0.0,0.0,0.0,0.0,0.0,0.0,0.0,0.0,0.0,0.0,0.0,0.0,0.0,0.0,0.0,0.0,0.0,0.0,0.0,0.0,84231.0,0.0,0.0
53,53,53,53,Programmatic,0.0,0.0,0.0,0.0,0.0,0.0,0.0,0.0,0.0,0.0,0.0,81140.0,105286.0,58332.0,71244.0,106857.0,71500.0,108304.0,0.0,0.0,130852.0,0.0,80576.0,0.0,98447.0,82002.0,76196.0,94445.0,73904.0,0.0,66188.0,56956.0,100576.0,96240.0,57660.0,57440.0,0.0,129160.0,0.0,0.0,48107.0,71843.0,0.0,102636.0,65856.0,0.0,115232.0,0.0,63363.0,69912.0,103688.0,0.0,58687,74540,77932.0,106884.0,72112.0,87688.0,0.0,87900.0,0.0,48624.0,0.0,98500.0,0.0,115832.0,0.0,65312.0,0.0,46644.0,63848.0,0.0,64548.0,0.0,0.0,0.0,0.0
54,54,54,54,Haxton,0.0,0.0,0.0,0.0,0.0,0.0,0.0,0.0,0.0,0.0,0.0,0.0,0.0,0.0,0.0,0.0,0.0,0.0,0.0,0.0,0.0,0.0,0.0,0.0,0.0,0.0,0.0,0.0,0.0,0.0,0.0,0.0,0.0,0.0,0.0,0.0,0.0,0.0,0.0,0.0,0.0,0.0,0.0,0.0,0.0,0.0,0.0,0.0,0.0,0.0,0.0,0.0,0,0,0.0,0.0,0.0,0.0,0.0,79343.0,0.0,0.0,0.0,0.0,0.0,0.0,0.0,0.0,0.0,0.0,0.0,0.0,0.0,0.0,76158.0,0.0,0.0
55,55,55,55,useless row do not look,0.0,0.0,0.0,0.0,0.0,0.0,0.0,0.0,0.0,0.0,0.0,81104.0,0.0,0.0,0.0,0.0,0.0,0.0,0.0,0.0,0.0,0.0,0.0,0.0,0.0,0.0,0.0,0.0,0.0,0.0,0.0,0.0,0.0,0.0,0.0,0.0,0.0,0.0,0.0,0.0,0.0,0.0,0.0,0.0,0.0,0.0,0.0,0.0,0.0,0.0,104676.0,0.0,0,0,0.0,0.0,0.0,0.0,0.0,0.0,0.0,49572.0,0.0,0.0,6404.0,0.0,0.0,0.0,0.0,0.0,0.0,0.0,64748.0,105956.0,24713.0,0.0,0.0
56,56,56,56,skiera,0.0,16356.0,38465.0,39516.0,25697.0,39567.0,55441.0,11041.0,5061.0,49808.0,35010.0,4838.0,24203.0,47159.0,0.0,80503.0,0.0,91287.0,58735.0,0.0,0.0,19755.0,40854.0,0.0,90834.0,28926.0,56564.0,6253.0,0.0,82116.0,48071.0,0.0,80683.0,84518.0,0.0,0.0,0.0,37236.0,21963.0,77648.0,38893.0,57774.0,0.0,82829.0,0.0,71647.0,0.0,68805.0,0.0,50573.0,18881.0,76847.0,49130,68623,66498.0,0.0,68480.0,0.0,0.0,0.0,0.0,26404.0,0.0,48345.0,62539.0,0.0,0.0,0.0,0.0,40652.0,14639.0,0.0,19919.0,0.0,75667.0,64043.0,0.0
57,57,57,57,McChucho,0.0,0.0,0.0,0.0,0.0,0.0,0.0,0.0,0.0,0.0,0.0,0.0,0.0,0.0,0.0,0.0,71030.0,108064.0,0.0,0.0,0.0,0.0,0.0,0.0,99352.0,0.0,76744.0,0.0,0.0,0.0,0.0,0.0,0.0,0.0,0.0,0.0,0.0,130424.0,0.0,0.0,0.0,0.0,0.0,0.0,66228.0,0.0,114668.0,0.0,0.0,0.0,104436.0,0.0,0,0,0.0,0.0,0.0,0.0,0.0,87692.0,0.0,0.0,0.0,98804.0,0.0,0.0,0.0,0.0,0.0,0.0,0.0,0.0,0.0,105832.0,0.0,0.0,0.0
58,58,58,58,Primis Rulz,0.0,0.0,0.0,0.0,0.0,0.0,0.0,0.0,0.0,0.0,0.0,0.0,0.0,0.0,0.0,0.0,0.0,0.0,0.0,0.0,0.0,0.0,0.0,0.0,0.0,0.0,68923.0,0.0,0.0,0.0,0.0,0.0,88914.0,0.0,0.0,0.0,0.0,0.0,99099.0,0.0,0.0,0.0,48248.0,0.0,60257.0,0.0,105240.0,0.0,0.0,6838.0,92367.0,0.0,0,69358,0.0,93971.0,67900.0,81506.0,0.0,83121.0,0.0,0.0,0.0,0.0,0.0,0.0,0.0,0.0,66408.0,0.0,59152.0,0.0,0.0,102756.0,0.0,0.0,0.0
59,59,59,59,Somethingbythesun,0.0,0.0,0.0,0.0,30475.0,0.0,59975.0,0.0,0.0,0.0,0.0,0.0,0.0,51138.0,0.0,0.0,17347.0,0.0,0.0,0.0,0.0,0.0,0.0,0.0,0.0,0.0,0.0,0.0,0.0,0.0,0.0,0.0,0.0,92795.0,0.0,0.0,0.0,86485.0,0.0,0.0,0.0,0.0,0.0,0.0,0.0,0.0,107287.0,0.0,0.0,58394.0,0.0,0.0,0,54461,0.0,0.0,0.0,0.0,0.0,0.0,0.0,0.0,0.0,0.0,0.0,0.0,0.0,0.0,0.0,0.0,0.0,0.0,0.0,101232.0,0.0,0.0,0.0
60,60,60,60,Mapy,0.0,0.0,0.0,0.0,0.0,0.0,0.0,0.0,0.0,0.0,0.0,0.0,0.0,58164.0,0.0,0.0,0.0,0.0,0.0,0.0,0.0,0.0,0.0,0.0,0.0,0.0,0.0,0.0,0.0,0.0,0.0,0.0,0.0,0.0,0.0,0.0,0.0,0.0,0.0,0.0,0.0,0.0,0.0,0.0,0.0,0.0,0.0,0.0,0.0,0.0,0.0,0.0,0,0,0.0,105388.0,0.0,0.0,0.0,0.0,0.0,0.0,0.0,0.0,0.0,0.0,0.0,0.0,0.0,0.0,0.0,0.0,64544.0,0.0,0.0,0.0,0.0
61,61,61,61,U N G Y Y,0.0,0.0,0.0,0.0,13837.0,0.0,0.0,0.0,0.0,0.0,0.0,0.0,0.0,0.0,0.0,0.0,0.0,0.0,0.0,0.0,0.0,0.0,0.0,0.0,0.0,0.0,0.0,0.0,0.0,0.0,33447.0,0.0,0.0,91719.0,40859.0,0.0,0.0,0.0,0.0,0.0,0.0,0.0,0.0,0.0,0.0,0.0,0.0,0.0,0.0,0.0,95060.0,0.0,0,0,72755.0,0.0,0.0,0.0,0.0,0.0,0.0,45164.0,0.0,92764.0,0.0,0.0,0.0,0.0,0.0,0.0,0.0,0.0,55220.0,0.0,0.0,0.0,0.0
62,62,62,62,wolf,0.0,0.0,0.0,0.0,33658.0,0.0,0.0,0.0,0.0,0.0,0.0,0.0,0.0,56739.0,0.0,0.0,0.0,106331.0,76269.0,0.0,0.0,0.0,0.0,0.0,0.0,0.0,76952.0,0.0,73488.0,0.0,0.0,53098.0,0.0,0.0,0.0,0.0,81981.0,0.0,0.0,0.0,0.0,0.0,0.0,0.0,0.0,0.0,109320.0,0.0,0.0,0.0,0.0,87324.0,0,74140,0.0,0.0,0.0,87388.0,0.0,87932.0,0.0,48688.0,0.0,95327.0,0.0,0.0,0.0,0.0,0.0,46068.0,0.0,76986.0,0.0,0.0,0.0,0.0,0.0
63,63,63,63,Animanic,0.0,0.0,0.0,127152.0,0.0,0.0,0.0,0.0,0.0,0.0,0.0,0.0,97829.0,58260.0,0.0,0.0,0.0,0.0,0.0,0.0,0.0,0.0,84764.0,0.0,0.0,81572.0,0.0,0.0,0.0,0.0,0.0,0.0,96812.0,0.0,0.0,57504.0,0.0,128337.0,0.0,0.0,0.0,0.0,0.0,0.0,0.0,0.0,0.0,0.0,0.0,0.0,0.0,0.0,0,74454,0.0,0.0,0.0,88068.0,0.0,0.0,0.0,0.0,0.0,0.0,0.0,0.0,0.0,0.0,0.0,0.0,64148.0,0.0,0.0,0.0,0.0,0.0,0.0
64,64,64,64,Daquat,0.0,0.0,0.0,0.0,0.0,0.0,0.0,0.0,0.0,0.0,0.0,0.0,0.0,0.0,0.0,0.0,0.0,0.0,0.0,0.0,0.0,0.0,0.0,0.0,0.0,0.0,0.0,0.0,0.0,0.0,0.0,0.0,0.0,0.0,0.0,0.0,0.0,129864.0,0.0,0.0,0.0,0.0,0.0,0.0,0.0,0.0,0.0,0.0,0.0,0.0,0.0,0.0,0,0,0.0,0.0,0.0,88424.0,0.0,0.0,0.0,49012.0,0.0,0.0,0.0,0.0,0.0,0.0,0.0,0.0,63964.0,0.0,0.0,0.0,0.0,0.0,0.0
65,65,65,65,IZEIYOX,122756.0,153280.0,67220.0,127528.0,39252.0,132892.0,134756.0,163948.0,71152.0,132165.0,0.0,0.0,0.0,56662.0,71552.0,109068.0,72600.0,107616.0,0.0,0.0,0.0,62768.0,0.0,0.0,0.0,0.0,0.0,0.0,74651.0,109120.0,66652.0,57264.0,100548.0,96868.0,0.0,57416.0,0.0,0.0,0.0,0.0,0.0,0.0,0.0,0.0,66364.0,0.0,114772.0,0.0,0.0,67912.0,0.0,0.0,59399,0,78224.0,106500.0,0.0,0.0,0.0,0.0,100264.0,48836.0,0.0,0.0,0.0,0.0,0.0,0.0,0.0,0.0,63768.0,0.0,0.0,0.0,0.0,0.0,0.0
66,66,66,66,Gamer97,0.0,0.0,0.0,0.0,0.0,0.0,0.0,0.0,0.0,0.0,0.0,0.0,0.0,52363.0,0.0,101541.0,0.0,96421.0,0.0,0.0,0.0,0.0,0.0,0.0,0.0,0.0,0.0,0.0,0.0,0.0,0.0,0.0,0.0,0.0,0.0,0.0,0.0,0.0,0.0,0.0,0.0,0.0,0.0,0.0,0.0,0.0,0.0,0.0,0.0,0.0,0.0,0.0,0,0,0.0,0.0,0.0,0.0,0.0,86803.0,95022.0,0.0,0.0,0.0,0.0,0.0,0.0,0.0,0.0,44904.0,0.0,0.0,0.0,0.0,0.0,0.0,0.0
67,67,67,67,Xandy,0.0,38794.0,0.0,0.0,0.0,35329.0,0.0,0.0,0.0,0.0,0.0,75497.0,0.0,0.0,0.0,0.0,0.0,0.0,0.0,58095.0,0.0,0.0,0.0,0.0,93058.0,0.0,0.0,0.0,0.0,104114.0,0.0,54559.0,0.0,0.0,0.0,0.0,0.0,0.0,0.0,0.0,0.0,0.0,0.0,0.0,0.0,0.0,0.0,0.0,0.0,0.0,0.0,0.0,0,0,0.0,0.0,0.0,0.0,0.0,0.0,0.0,0.0,0.0,0.0,0.0,0.0,0.0,0.0,67116.0,0.0,0.0,0.0,0.0,0.0,0.0,0.0,0.0
68,68,68,68,Kosmos,0.0,0.0,64507.0,0.0,38748.0,127578.0,0.0,157211.0,0.0,0.0,0.0,0.0,103587.0,0.0,0.0,0.0,72244.0,107908.0,0.0,0.0,0.0,0.0,82520.0,0.0,98856.0,82196.0,0.0,0.0,0.0,0.0,0.0,56920.0,0.0,0.0,0.0,0.0,0.0,0.0,0.0,0.0,0.0,0.0,0.0,0.0,0.0,0.0,0.0,0.0,0.0,67799.0,0.0,0.0,59916,0,78208.0,0.0,0.0,88180.0,0.0,0.0,0.0,0.0,0.0,98820.0,0.0,0.0,0.0,64752.0,0.0,0.0,0.0,0.0,0.0,0.0,0.0,0.0,0.0
69,69,69,69,Crooky,0.0,0.0,0.0,0.0,36566.0,0.0,0.0,0.0,0.0,0.0,0.0,0.0,100231.0,0.0,0.0,0.0,0.0,0.0,0.0,0.0,0.0,0.0,0.0,0.0,97043.0,0.0,0.0,0.0,0.0,0.0,0.0,0.0,0.0,0.0,0.0,0.0,0.0,0.0,0.0,0.0,0.0,0.0,0.0,0.0,0.0,0.0,113576.0,0.0,0.0,0.0,103504.0,0.0,59292,74392,0.0,105113.0,0.0,0.0,0.0,86384.0,0.0,48136.0,0.0,97447.0,0.0,0.0,0.0,64720.0,0.0,0.0,0.0,0.0,0.0,0.0,0.0,0.0,0.0
70,70,70,70,Karmack,0.0,0.0,57483.0,0.0,34291.0,121594.0,0.0,81965.0,0.0,0.0,0.0,0.0,101352.0,0.0,0.0,0.0,63147.0,0.0,0.0,0.0,0.0,0.0,0.0,0.0,93377.0,79131.0,0.0,0.0,70281.0,0.0,60888.0,0.0,93479.0,93428.0,0.0,0.0,0.0,124122.0,0.0,0.0,0.0,0.0,0.0,99164.0,63078.0,0.0,112010.0,0.0,0.0,0.0,101124.0,0.0,0,0,0.0,102123.0,0.0,84990.0,0.0,0.0,0.0,46576.0,0.0,93088.0,0.0,113772.0,0.0,0.0,0.0,0.0,0.0,0.0,0.0,0.0,0.0,0.0,0.0
71,71,71,71,Sillychops,0.0,0.0,0.0,0.0,34984.0,0.0,0.0,0.0,0.0,0.0,0.0,74763.0,100213.0,0.0,0.0,0.0,0.0,106689.0,0.0,0.0,0.0,0.0,0.0,0.0,98304.0,0.0,0.0,0.0,0.0,0.0,64696.0,0.0,0.0,96484.0,0.0,0.0,0.0,0.0,0.0,0.0,48300.0,0.0,0.0,100628.0,65992.0,0.0,114738.0,0.0,59446.0,62428.0,102703.0,0.0,0,73787,78024.0,0.0,0.0,0.0,0.0,87700.0,0.0,47241.0,0.0,98452.0,0.0,0.0,0.0,0.0,0.0,0.0,0.0,0.0,0.0,0.0,0.0,0.0,0.0
72,72,72,72,StarShadow,0.0,0.0,64938.0,0.0,36823.0,123267.0,0.0,157388.0,0.0,0.0,0.0,75642.0,101880.0,0.0,0.0,107624.0,70672.0,107032.0,0.0,0.0,0.0,0.0,79395.0,0.0,96929.0,81915.0,0.0,0.0,72615.0,0.0,0.0,57008.0,99300.0,0.0,0.0,56624.0,0.0,0.0,0.0,0.0,0.0,0.0,0.0,0.0,65696.0,0.0,115112.0,0.0,0.0,65388.0,103624.0,0.0,0,0,0.0,104056.0,0.0,87320.0,0.0,0.0,0.0,49013.0,0.0,96931.0,0.0,0.0,0.0,0.0,0.0,0.0,0.0,0.0,0.0,0.0,0.0,0.0,0.0
73,73,73,73,PnO_Mader,0.0,154122.0,68020.0,127040.0,39524.0,134320.0,134499.0,168380.0,0.0,133731.0,0.0,81224.0,0.0,58152.0,72300.0,109272.0,72544.0,0.0,0.0,0.0,0.0,0.0,0.0,0.0,0.0,84476.0,77096.0,0.0,0.0,0.0,0.0,0.0,0.0,97092.0,0.0,0.0,0.0,130648.0,0.0,0.0,0.0,0.0,0.0,101955.0,66268.0,0.0,0.0,0.0,65916.0,70016.0,104680.0,0.0,0,0,0.0,0.0,0.0,0.0,0.0,87916.0,0.0,49572.0,0.0,0.0,0.0,0.0,0.0,0.0,0.0,0.0,0.0,0.0,0.0,0.0,0.0,0.0,0.0
74,74,74,74,Flamacue,0.0,0.0,0.0,0.0,0.0,0.0,0.0,0.0,0.0,0.0,0.0,0.0,0.0,0.0,0.0,0.0,0.0,0.0,0.0,0.0,0.0,0.0,0.0,0.0,0.0,0.0,0.0,0.0,0.0,0.0,0.0,0.0,0.0,0.0,0.0,0.0,0.0,0.0,0.0,0.0,0.0,0.0,0.0,0.0,0.0,0.0,0.0,0.0,64896.0,0.0,0.0,0.0,0,0,0.0,0.0,0.0,0.0,0.0,0.0,0.0,49572.0,0.0,0.0,0.0,0.0,0.0,0.0,0.0,0.0,0.0,0.0,0.0,0.0,0.0,0.0,0.0
75,75,75,75,smb,0.0,0.0,0.0,0.0,0.0,0.0,0.0,0.0,0.0,0.0,0.0,0.0,0.0,0.0,0.0,109588.0,72536.0,108744.0,0.0,0.0,0.0,0.0,0.0,0.0,99384.0,0.0,0.0,0.0,0.0,0.0,66660.0,0.0,0.0,0.0,0.0,0.0,0.0,0.0,0.0,0.0,0.0,0.0,0.0,102832.0,0.0,0.0,0.0,0.0,0.0,0.0,104684.0,0.0,0,0,0.0,0.0,0.0,0.0,0.0,87932.0,0.0,49572.0,0.0,0.0,0.0,0.0,0.0,0.0,0.0,0.0,0.0,0.0,0.0,0.0,0.0,0.0,0.0
76,76,76,76,Cahobo,0.0,0.0,0.0,0.0,0.0,0.0,0.0,0.0,0.0,0.0,0.0,0.0,106848.0,0.0,0.0,0.0,72536.0,0.0,0.0,0.0,0.0,0.0,0.0,0.0,0.0,0.0,0.0,0.0,0.0,0.0,0.0,0.0,100172.0,0.0,0.0,0.0,0.0,0.0,0.0,0.0,0.0,0.0,0.0,0.0,0.0,0.0,0.0,0.0,0.0,0.0,104616.0,0.0,59540,0,0.0,0.0,0.0,0.0,0.0,0.0,0.0,49452.0,0.0,0.0,0.0,0.0,0.0,0.0,0.0,0.0,0.0,0.0,0.0,0.0,0.0,0.0,0.0
77,77,77,77,Stride,0.0,0.0,0.0,0.0,0.0,0.0,135416.0,0.0,0.0,0.0,0.0,79151.0,0.0,0.0,0.0,109084.0,0.0,0.0,77532.0,0.0,0.0,0.0,0.0,0.0,0.0,0.0,0.0,0.0,0.0,0.0,0.0,0.0,0.0,0.0,0.0,0.0,0.0,130504.0,0.0,0.0,0.0,0.0,0.0,0.0,0.0,0.0,0.0,0.0,0.0,0.0,0.0,0.0,0,0,0.0,0.0,0.0,0.0,0.0,0.0,0.0,49236.0,0.0,0.0,0.0,0.0,0.0,0.0,0.0,0.0,0.0,0.0,0.0,0.0,0.0,0.0,0.0
78,78,78,78,Avri,0.0,0.0,0.0,0.0,0.0,0.0,0.0,0.0,0.0,0.0,0.0,0.0,0.0,0.0,0.0,0.0,0.0,0.0,0.0,0.0,0.0,0.0,0.0,0.0,0.0,0.0,0.0,0.0,0.0,0.0,0.0,0.0,0.0,0.0,0.0,0.0,0.0,0.0,0.0,0.0,0.0,0.0,0.0,0.0,0.0,0.0,0.0,0.0,0.0,0.0,0.0,0.0,0,0,0.0,0.0,0.0,0.0,0.0,0.0,0.0,49116.0,0.0,0.0,0.0,0.0,0.0,0.0,0.0,0.0,0.0,0.0,0.0,0.0,0.0,0.0,0.0
79,79,79,79,illenial,122456.0,0.0,0.0,0.0,0.0,0.0,132298.0,162202.0,71060.0,0.0,0.0,0.0,0.0,57564.0,71112.0,0.0,72188.0,108040.0,0.0,0.0,0.0,0.0,0.0,0.0,99048.0,0.0,0.0,0.0,0.0,0.0,0.0,0.0,0.0,96872.0,0.0,0.0,0.0,0.0,0.0,0.0,49120.0,0.0,0.0,102384.0,66236.0,0.0,0.0,0.0,0.0,0.0,104464.0,0.0,0,0,0.0,0.0,0.0,0.0,0.0,0.0,0.0,48836.0,0.0,0.0,0.0,0.0,0.0,0.0,0.0,0.0,0.0,0.0,0.0,0.0,0.0,0.0,0.0
80,80,80,80,Dragojent,0.0,0.0,0.0,0.0,0.0,0.0,0.0,0.0,0.0,0.0,0.0,0.0,0.0,0.0,0.0,0.0,0.0,101475.0,0.0,0.0,0.0,0.0,0.0,0.0,0.0,0.0,0.0,0.0,0.0,0.0,0.0,0.0,0.0,0.0,0.0,0.0,0.0,0.0,0.0,0.0,0.0,0.0,0.0,0.0,0.0,0.0,0.0,0.0,0.0,0.0,99814.0,0.0,0,0,0.0,0.0,0.0,0.0,0.0,0.0,0.0,48620.0,0.0,0.0,0.0,0.0,0.0,0.0,0.0,0.0,0.0,0.0,0.0,0.0,0.0,0.0,0.0
81,81,81,81,haomakk,0.0,0.0,0.0,0.0,0.0,0.0,0.0,0.0,0.0,0.0,0.0,0.0,0.0,0.0,0.0,106652.0,0.0,105543.0,0.0,0.0,0.0,0.0,0.0,0.0,0.0,0.0,0.0,0.0,0.0,0.0,0.0,0.0,0.0,0.0,0.0,0.0,0.0,0.0,0.0,0.0,0.0,0.0,0.0,100559.0,0.0,0.0,0.0,0.0,0.0,0.0,0.0,0.0,0,73164,0.0,0.0,0.0,0.0,0.0,86172.0,0.0,48120.0,0.0,0.0,0.0,0.0,0.0,0.0,0.0,0.0,0.0,0.0,0.0,0.0,0.0,0.0,0.0
82,82,82,82,Baby_Jimbo,0.0,0.0,0.0,0.0,0.0,0.0,0.0,0.0,0.0,0.0,0.0,0.0,0.0,0.0,0.0,0.0,0.0,0.0,0.0,0.0,0.0,0.0,0.0,0.0,0.0,0.0,0.0,0.0,0.0,0.0,0.0,0.0,0.0,0.0,0.0,0.0,0.0,0.0,0.0,0.0,0.0,0.0,0.0,100015.0,0.0,0.0,0.0,0.0,0.0,0.0,0.0,0.0,0,0,0.0,0.0,0.0,0.0,0.0,0.0,0.0,47288.0,0.0,0.0,0.0,0.0,0.0,0.0,0.0,0.0,0.0,0.0,0.0,0.0,0.0,0.0,0.0
83,83,83,83,AngryScootsman,0.0,0.0,0.0,0.0,0.0,0.0,0.0,0.0,0.0,0.0,0.0,69223.0,0.0,0.0,0.0,0.0,0.0,102731.0,0.0,0.0,0.0,0.0,0.0,0.0,92683.0,0.0,0.0,0.0,0.0,0.0,61145.0,51945.0,0.0,0.0,0.0,0.0,0.0,0.0,0.0,0.0,43952.0,0.0,0.0,0.0,0.0,0.0,111030.0,0.0,0.0,0.0,0.0,0.0,0,66492,0.0,0.0,0.0,0.0,0.0,0.0,0.0,47135.0,0.0,0.0,0.0,0.0,0.0,0.0,0.0,0.0,0.0,0.0,0.0,0.0,0.0,0.0,0.0
84,84,84,84,Rickfernello,0.0,0.0,0.0,0.0,0.0,0.0,0.0,0.0,0.0,0.0,0.0,78076.0,0.0,0.0,0.0,0.0,0.0,0.0,0.0,0.0,0.0,0.0,0.0,0.0,0.0,0.0,0.0,0.0,0.0,0.0,0.0,0.0,0.0,0.0,0.0,0.0,85688.0,0.0,0.0,0.0,0.0,0.0,0.0,0.0,65260.0,0.0,0.0,0.0,0.0,63954.0,100971.0,0.0,0,0,0.0,0.0,0.0,0.0,0.0,0.0,0.0,47101.0,0.0,0.0,0.0,0.0,0.0,0.0,0.0,0.0,0.0,0.0,0.0,0.0,0.0,0.0,0.0
85,85,85,85,Ozma_XD,0.0,0.0,0.0,0.0,0.0,0.0,0.0,0.0,0.0,0.0,0.0,0.0,0.0,0.0,0.0,0.0,0.0,0.0,0.0,0.0,0.0,0.0,0.0,0.0,0.0,0.0,0.0,0.0,0.0,0.0,0.0,0.0,0.0,0.0,0.0,0.0,0.0,0.0,0.0,0.0,0.0,0.0,0.0,0.0,0.0,0.0,0.0,0.0,0.0,0.0,0.0,0.0,0,0,0.0,0.0,0.0,0.0,0.0,0.0,0.0,18181.0,0.0,0.0,0.0,0.0,0.0,0.0,0.0,0.0,0.0,0.0,0.0,0.0,0.0,0.0,0.0
86,86,86,86,Cinnabread,0.0,0.0,0.0,0.0,0.0,26357.0,0.0,0.0,0.0,0.0,0.0,0.0,0.0,0.0,0.0,16038.0,0.0,0.0,0.0,0.0,0.0,0.0,0.0,0.0,0.0,0.0,0.0,0.0,0.0,0.0,0.0,0.0,0.0,0.0,0.0,16087.0,0.0,0.0,0.0,0.0,0.0,0.0,0.0,0.0,0.0,0.0,0.0,0.0,19754.0,0.0,0.0,0.0,0,0,0.0,0.0,0.0,0.0,0.0,0.0,0.0,18060.0,0.0,0.0,0.0,0.0,0.0,0.0,0.0,0.0,0.0,0.0,0.0,0.0,0.0,0.0,0.0
87,87,87,87,NickAzn,0.0,0.0,0.0,0.0,38588.0,0.0,0.0,0.0,0.0,0.0,0.0,77959.0,0.0,0.0,0.0,0.0,0.0,0.0,0.0,0.0,0.0,0.0,0.0,0.0,0.0,0.0,0.0,0.0,0.0,0.0,0.0,0.0,0.0,0.0,0.0,57272.0,0.0,0.0,0.0,0.0,0.0,0.0,0.0,0.0,0.0,0.0,115336.0,0.0,0.0,0.0,104424.0,0.0,0,74108,0.0,0.0,0.0,0.0,0.0,87852.0,0.0,0.0,0.0,0.0,0.0,0.0,0.0,0.0,0.0,0.0,0.0,0.0,0.0,0.0,0.0,0.0,0.0
88,88,88,88,kaddalaug,0.0,0.0,0.0,0.0,0.0,0.0,0.0,165667.0,0.0,0.0,0.0,0.0,0.0,0.0,0.0,108771.0,0.0,0.0,0.0,0.0,0.0,0.0,0.0,0.0,98728.0,0.0,0.0,0.0,0.0,0.0,0.0,0.0,0.0,0.0,0.0,0.0,0.0,0.0,0.0,0.0,0.0,0.0,0.0,102368.0,0.0,0.0,0.0,0.0,0.0,0.0,0.0,0.0,59952,0,0.0,0.0,0.0,0.0,0.0,87684.0,0.0,0.0,0.0,0.0,0.0,0.0,0.0,0.0,0.0,0.0,0.0,0.0,0.0,0.0,0.0,0.0,0.0
89,89,89,89,Smen30,0.0,0.0,0.0,0.0,0.0,0.0,0.0,0.0,0.0,0.0,0.0,0.0,0.0,0.0,0.0,0.0,0.0,0.0,0.0,0.0,0.0,0.0,0.0,0.0,0.0,0.0,0.0,0.0,0.0,0.0,0.0,0.0,0.0,0.0,0.0,0.0,0.0,0.0,0.0,0.0,0.0,0.0,0.0,0.0,0.0,0.0,0.0,0.0,0.0,0.0,0.0,0.0,0,0,0.0,0.0,0.0,0.0,0.0,87572.0,0.0,0.0,0.0,0.0,0.0,0.0,0.0,0.0,0.0,0.0,0.0,0.0,0.0,0.0,0.0,0.0,0.0
90,90,90,90,tj,0.0,0.0,0.0,0.0,36321.0,0.0,0.0,0.0,0.0,0.0,0.0,76365.0,0.0,0.0,0.0,0.0,0.0,0.0,0.0,0.0,0.0,0.0,0.0,0.0,99368.0,80591.0,0.0,0.0,72468.0,0.0,65484.0,0.0,0.0,96160.0,0.0,0.0,0.0,0.0,0.0,0.0,0.0,0.0,0.0,101776.0,66048.0,0.0,115336.0,0.0,61039.0,0.0,104264.0,0.0,0,0,0.0,106132.0,0.0,0.0,0.0,87548.0,0.0,0.0,0.0,0.0,0.0,0.0,0.0,0.0,0.0,0.0,0.0,0.0,0.0,0.0,0.0,0.0,0.0
91,91,91,91,Steven of Astora,0.0,0.0,0.0,0.0,0.0,0.0,0.0,0.0,0.0,0.0,0.0,0.0,0.0,0.0,0.0,0.0,0.0,0.0,0.0,0.0,0.0,0.0,0.0,0.0,98720.0,82936.0,0.0,0.0,0.0,0.0,0.0,0.0,0.0,0.0,0.0,0.0,0.0,0.0,0.0,0.0,0.0,0.0,0.0,0.0,0.0,0.0,115132.0,0.0,0.0,0.0,104556.0,0.0,0,0,0.0,0.0,0.0,0.0,0.0,87540.0,0.0,0.0,0.0,0.0,0.0,0.0,0.0,0.0,0.0,0.0,0.0,0.0,0.0,0.0,0.0,0.0,0.0
92,92,92,92,hort,0.0,0.0,0.0,0.0,0.0,0.0,0.0,0.0,0.0,0.0,0.0,0.0,0.0,0.0,0.0,0.0,0.0,0.0,0.0,0.0,0.0,0.0,0.0,0.0,95721.0,0.0,0.0,0.0,0.0,0.0,0.0,0.0,0.0,0.0,0.0,0.0,0.0,0.0,0.0,0.0,0.0,0.0,0.0,99766.0,62775.0,0.0,0.0,0.0,0.0,32816.0,99197.0,0.0,0,0,0.0,0.0,0.0,0.0,0.0,87100.0,0.0,0.0,0.0,0.0,0.0,0.0,0.0,0.0,0.0,0.0,0.0,0.0,0.0,0.0,0.0,0.0,0.0
93,93,93,93,Fysh,118454.0,0.0,63496.0,123168.0,38376.0,120180.0,124956.0,162365.0,0.0,0.0,0.0,0.0,0.0,0.0,53941.0,0.0,66721.0,103219.0,0.0,0.0,0.0,0.0,0.0,0.0,0.0,0.0,0.0,0.0,73496.0,0.0,0.0,0.0,99864.0,0.0,57336.0,56504.0,0.0,0.0,0.0,0.0,0.0,0.0,0.0,0.0,63763.0,0.0,113468.0,0.0,0.0,67467.0,102760.0,0.0,0,73620,0.0,0.0,0.0,0.0,0.0,86952.0,0.0,0.0,0.0,0.0,0.0,0.0,0.0,0.0,0.0,0.0,0.0,0.0,0.0,0.0,0.0,0.0,0.0
94,94,94,94,HyperDash,0.0,0.0,0.0,0.0,0.0,0.0,0.0,53626.0,0.0,126288.0,0.0,0.0,0.0,55850.0,0.0,106656.0,0.0,105294.0,0.0,0.0,0.0,0.0,51726.0,0.0,0.0,0.0,0.0,0.0,71188.0,0.0,0.0,56476.0,0.0,95771.0,0.0,0.0,0.0,127975.0,100210.0,0.0,0.0,0.0,0.0,100451.0,63987.0,0.0,113587.0,0.0,0.0,63395.0,0.0,0.0,0,0,77972.0,0.0,0.0,0.0,0.0,86863.0,0.0,0.0,0.0,0.0,0.0,0.0,0.0,0.0,0.0,0.0,0.0,0.0,0.0,0.0,0.0,0.0,0.0
95,95,95,95,Maffoe,0.0,0.0,0.0,0.0,0.0,0.0,0.0,0.0,0.0,0.0,0.0,0.0,0.0,0.0,0.0,0.0,0.0,0.0,0.0,0.0,0.0,0.0,0.0,0.0,98800.0,0.0,0.0,0.0,0.0,0.0,0.0,0.0,0.0,95824.0,0.0,0.0,0.0,0.0,0.0,0.0,0.0,0.0,51024.0,0.0,65344.0,0.0,115008.0,0.0,0.0,0.0,0.0,0.0,0,0,78028.0,0.0,71568.0,0.0,108860.0,0.0,0.0,0.0,0.0,0.0,0.0,0.0,0.0,0.0,0.0,0.0,0.0,0.0,0.0,0.0,0.0,0.0,0.0
96,96,96,96,Coda,0.0,0.0,0.0,0.0,0.0,0.0,0.0,0.0,0.0,0.0,0.0,0.0,0.0,0.0,0.0,0.0,0.0,0.0,0.0,0.0,0.0,0.0,0.0,0.0,0.0,0.0,0.0,0.0,0.0,0.0,0.0,0.0,0.0,0.0,0.0,0.0,0.0,0.0,0.0,0.0,0.0,0.0,0.0,0.0,0.0,0.0,0.0,0.0,0.0,0.0,0.0,0.0,0,0,0.0,0.0,0.0,0.0,16646.0,0.0,0.0,0.0,0.0,0.0,0.0,0.0,0.0,0.0,0.0,0.0,0.0,0.0,0.0,0.0,0.0,0.0,0.0
97,97,97,97,SLIVAL,0.0,0.0,0.0,0.0,0.0,0.0,0.0,0.0,0.0,0.0,0.0,0.0,0.0,0.0,0.0,0.0,0.0,0.0,0.0,0.0,0.0,0.0,0.0,0.0,0.0,0.0,0.0,0.0,0.0,0.0,0.0,0.0,0.0,0.0,0.0,0.0,0.0,0.0,0.0,0.0,0.0,0.0,0.0,0.0,0.0,0.0,0.0,0.0,0.0,0.0,0.0,0.0,0,0,0.0,0.0,71296.0,0.0,0.0,0.0,0.0,0.0,0.0,0.0,0.0,0.0,0.0,0.0,0.0,0.0,0.0,0.0,0.0,0.0,0.0,0.0,0.0
98,98,98,98,Aetos,0.0,0.0,0.0,0.0,0.0,0.0,0.0,0.0,0.0,0.0,0.0,0.0,0.0,0.0,0.0,0.0,0.0,0.0,0.0,0.0,0.0,0.0,0.0,0.0,97700.0,0.0,0.0,0.0,0.0,0.0,0.0,0.0,0.0,0.0,0.0,0.0,85132.0,0.0,0.0,0.0,0.0,0.0,0.0,0.0,0.0,0.0,107228.0,0.0,0.0,0.0,0.0,0.0,0,0,0.0,0.0,70892.0,0.0,0.0,0.0,0.0,0.0,0.0,0.0,0.0,0.0,0.0,0.0,0.0,0.0,0.0,0.0,0.0,0.0,0.0,0.0,0.0
99,99,99,99,Lava,0.0,0.0,0.0,0.0,32851.0,0.0,0.0,0.0,0.0,0.0,44715.0,0.0,0.0,0.0,0.0,103288.0,0.0,0.0,0.0,0.0,0.0,0.0,0.0,0.0,0.0,0.0,0.0,0.0,0.0,0.0,61569.0,0.0,0.0,96160.0,0.0,0.0,0.0,0.0,0.0,0.0,0.0,0.0,0.0,0.0,63486.0,0.0,112656.0,78702.0,28938.0,0.0,0.0,0.0,0,74252,78224.0,0.0,0.0,0.0,0.0,0.0,0.0,0.0,0.0,0.0,0.0,0.0,0.0,0.0,0.0,0.0,0.0,0.0,0.0,0.0,0.0,0.0,0.0
100,100,100,100,REiLM3N,0.0,0.0,0.0,0.0,0.0,0.0,129812.0,0.0,0.0,0.0,0.0,0.0,0.0,0.0,0.0,0.0,0.0,0.0,0.0,0.0,0.0,0.0,0.0,0.0,0.0,0.0,0.0,0.0,0.0,0.0,0.0,0.0,0.0,0.0,0.0,0.0,0.0,0.0,0.0,0.0,0.0,0.0,0.0,0.0,0.0,0.0,0.0,0.0,0.0,0.0,0.0,0.0,0,0,77196.0,0.0,0.0,0.0,0.0,0.0,0.0,0.0,0.0,0.0,0.0,0.0,0.0,0.0,0.0,0.0,0.0,0.0,0.0,0.0,0.0,0.0,0.0
101,101,101,101,Admiral Snackbar,0.0,0.0,0.0,0.0,0.0,128642.0,0.0,0.0,0.0,0.0,0.0,0.0,0.0,0.0,0.0,108160.0,72288.0,0.0,0.0,0.0,0.0,0.0,0.0,0.0,0.0,0.0,0.0,0.0,0.0,0.0,0.0,0.0,0.0,0.0,0.0,0.0,0.0,0.0,0.0,0.0,0.0,0.0,0.0,0.0,0.0,0.0,0.0,0.0,0.0,0.0,0.0,0.0,0,0,74584.0,0.0,0.0,0.0,0.0,0.0,0.0,0.0,0.0,0.0,0.0,0.0,0.0,0.0,0.0,0.0,0.0,0.0,0.0,0.0,0.0,0.0,0.0
102,102,102,102,conanDada,0.0,0.0,0.0,0.0,0.0,0.0,0.0,0.0,0.0,0.0,0.0,0.0,0.0,0.0,0.0,0.0,0.0,0.0,0.0,0.0,0.0,0.0,0.0,0.0,0.0,0.0,0.0,0.0,0.0,0.0,0.0,0.0,0.0,93448.0,0.0,0.0,0.0,0.0,0.0,0.0,0.0,0.0,0.0,0.0,0.0,0.0,0.0,0.0,0.0,0.0,93309.0,0.0,0,43525,74123.0,0.0,0.0,0.0,0.0,0.0,0.0,0.0,0.0,0.0,0.0,0.0,0.0,0.0,0.0,0.0,0.0,0.0,0.0,0.0,0.0,0.0,0.0
103,103,103,103,Cerberus,0.0,0.0,0.0,0.0,0.0,0.0,0.0,0.0,0.0,0.0,0.0,0.0,0.0,0.0,0.0,0.0,0.0,0.0,0.0,0.0,0.0,0.0,0.0,0.0,0.0,0.0,0.0,0.0,0.0,0.0,0.0,0.0,0.0,0.0,0.0,0.0,0.0,0.0,0.0,0.0,0.0,0.0,0.0,0.0,0.0,0.0,0.0,0.0,0.0,0.0,0.0,0.0,0,0,71495.0,0.0,0.0,0.0,0.0,0.0,0.0,0.0,0.0,0.0,0.0,0.0,0.0,0.0,0.0,0.0,0.0,0.0,0.0,0.0,0.0,0.0,0.0
104,104,104,104,L1quidex,0.0,0.0,0.0,0.0,0.0,0.0,0.0,0.0,0.0,0.0,0.0,0.0,0.0,0.0,0.0,0.0,0.0,0.0,0.0,0.0,0.0,0.0,0.0,0.0,81264.0,0.0,0.0,0.0,0.0,0.0,0.0,0.0,0.0,0.0,0.0,0.0,0.0,86566.0,0.0,0.0,0.0,0.0,0.0,77520.0,0.0,86066.0,0.0,0.0,0.0,4055.0,0.0,0.0,0,0,70064.0,0.0,0.0,0.0,0.0,0.0,0.0,0.0,0.0,0.0,0.0,0.0,0.0,0.0,0.0,0.0,0.0,0.0,0.0,0.0,0.0,0.0,0.0
105,105,105,105,HUTZ,0.0,0.0,0.0,0.0,0.0,0.0,0.0,0.0,0.0,0.0,0.0,0.0,0.0,0.0,0.0,0.0,0.0,0.0,0.0,0.0,0.0,0.0,0.0,0.0,0.0,0.0,0.0,0.0,0.0,0.0,0.0,0.0,0.0,0.0,0.0,0.0,0.0,0.0,0.0,0.0,0.0,0.0,0.0,0.0,0.0,0.0,0.0,0.0,0.0,0.0,0.0,0.0,0,74740 (CHECK THIS LATER) (14th on astro funk leaderboard),0.0,0.0,0.0,0.0,0.0,0.0,0.0,0.0,0.0,0.0,0.0,0.0,0.0,0.0,0.0,0.0,0.0,0.0,0.0,0.0,0.0,0.0,0.0
106,106,106,106,jane,0.0,0.0,0.0,0.0,0.0,0.0,0.0,0.0,0.0,0.0,0.0,0.0,0.0,0.0,0.0,0.0,0.0,0.0,0.0,0.0,0.0,0.0,0.0,0.0,0.0,0.0,76940.0,0.0,0.0,0.0,0.0,0.0,0.0,0.0,0.0,0.0,0.0,0.0,0.0,0.0,0.0,0.0,0.0,0.0,0.0,0.0,0.0,0.0,0.0,0.0,0.0,0.0,0,74524,0.0,0.0,0.0,0.0,0.0,0.0,0.0,0.0,0.0,0.0,0.0,0.0,0.0,0.0,0.0,0.0,0.0,0.0,0.0,0.0,0.0,0.0,0.0
107,107,107,107,NIICO,0.0,0.0,0.0,0.0,0.0,0.0,0.0,0.0,0.0,0.0,0.0,0.0,0.0,0.0,0.0,0.0,0.0,0.0,0.0,0.0,0.0,0.0,0.0,0.0,0.0,0.0,0.0,0.0,0.0,0.0,0.0,0.0,0.0,0.0,0.0,0.0,0.0,0.0,0.0,0.0,0.0,0.0,0.0,0.0,0.0,0.0,0.0,0.0,0.0,0.0,0.0,0.0,0,74496,0.0,0.0,0.0,0.0,0.0,0.0,0.0,0.0,0.0,0.0,0.0,0.0,0.0,0.0,0.0,0.0,0.0,0.0,0.0,0.0,0.0,0.0,0.0
108,108,108,108,Ruq,0.0,0.0,0.0,0.0,0.0,0.0,0.0,0.0,0.0,0.0,0.0,0.0,0.0,0.0,0.0,0.0,0.0,0.0,0.0,0.0,0.0,0.0,0.0,0.0,0.0,0.0,0.0,0.0,0.0,0.0,0.0,0.0,0.0,0.0,0.0,0.0,0.0,0.0,0.0,0.0,0.0,0.0,0.0,0.0,0.0,0.0,0.0,0.0,0.0,0.0,0.0,0.0,0,73636,0.0,0.0,0.0,0.0,0.0,0.0,0.0,0.0,0.0,0.0,0.0,0.0,0.0,0.0,0.0,0.0,0.0,0.0,0.0,0.0,0.0,0.0,0.0
109,109,109,109,imfallin,0.0,0.0,0.0,0.0,0.0,0.0,0.0,0.0,0.0,0.0,0.0,0.0,0.0,0.0,0.0,0.0,0.0,0.0,0.0,0.0,0.0,0.0,0.0,0.0,0.0,0.0,0.0,0.0,0.0,0.0,0.0,0.0,0.0,0.0,0.0,0.0,0.0,0.0,0.0,0.0,0.0,0.0,0.0,0.0,0.0,0.0,0.0,0.0,0.0,0.0,0.0,0.0,0,73370,0.0,0.0,0.0,0.0,0.0,0.0,0.0,0.0,0.0,0.0,0.0,0.0,0.0,0.0,0.0,0.0,0.0,0.0,0.0,0.0,0.0,0.0,0.0
110,110,110,110,sponzi,0.0,0.0,0.0,0.0,0.0,0.0,0.0,0.0,0.0,0.0,0.0,0.0,0.0,0.0,0.0,0.0,0.0,0.0,0.0,0.0,0.0,0.0,0.0,0.0,0.0,0.0,0.0,0.0,0.0,0.0,0.0,0.0,0.0,0.0,0.0,0.0,0.0,0.0,0.0,0.0,0.0,0.0,0.0,0.0,63769.0,0.0,0.0,0.0,0.0,0.0,0.0,0.0,0,70415,0.0,0.0,0.0,0.0,0.0,0.0,0.0,0.0,0.0,0.0,0.0,0.0,0.0,0.0,0.0,0.0,0.0,0.0,0.0,0.0,0.0,0.0,0.0
111,111,111,111,Drogin_dunlane,0.0,0.0,0.0,0.0,0.0,0.0,0.0,0.0,0.0,0.0,0.0,0.0,0.0,0.0,0.0,0.0,0.0,99918.0,0.0,0.0,0.0,0.0,0.0,0.0,0.0,0.0,0.0,0.0,0.0,0.0,0.0,0.0,0.0,0.0,0.0,49943.0,0.0,0.0,0.0,0.0,0.0,0.0,0.0,0.0,0.0,0.0,0.0,0.0,0.0,0.0,0.0,0.0,0,70303,0.0,0.0,0.0,0.0,0.0,0.0,0.0,0.0,0.0,0.0,0.0,0.0,0.0,0.0,0.0,0.0,0.0,0.0,0.0,0.0,0.0,0.0,0.0
112,112,112,112,Kisshunter,0.0,0.0,0.0,0.0,0.0,0.0,0.0,0.0,0.0,0.0,0.0,0.0,0.0,0.0,0.0,0.0,0.0,0.0,0.0,0.0,0.0,0.0,0.0,0.0,0.0,0.0,0.0,0.0,0.0,0.0,0.0,0.0,0.0,0.0,0.0,0.0,0.0,0.0,0.0,0.0,0.0,0.0,0.0,0.0,0.0,0.0,0.0,0.0,0.0,0.0,0.0,0.0,0,68553,0.0,0.0,0.0,0.0,0.0,0.0,0.0,0.0,0.0,0.0,0.0,0.0,0.0,0.0,0.0,0.0,0.0,0.0,0.0,0.0,0.0,0.0,0.0
113,113,113,113,Kata (data here is probably incomplete),0.0,0.0,0.0,0.0,0.0,0.0,0.0,162491.0,0.0,0.0,0.0,0.0,0.0,0.0,0.0,0.0,71584.0,0.0,0.0,0.0,0.0,0.0,0.0,0.0,99080.0,0.0,0.0,0.0,0.0,0.0,0.0,0.0,0.0,96656.0,0.0,0.0,0.0,130284.0,0.0,0.0,0.0,0.0,0.0,0.0,0.0,102684.0,0.0,0.0,0.0,0.0,104388.0,0.0,59832 (check this later),0,0.0,0.0,0.0,0.0,0.0,0.0,0.0,0.0,0.0,0.0,0.0,0.0,0.0,0.0,0.0,0.0,0.0,0.0,0.0,0.0,0.0,0.0,0.0
114,114,114,114,T2864.NEFirefox,0.0,0.0,0.0,0.0,39508.0,0.0,0.0,164284.0,0.0,0.0,0.0,0.0,105124.0,0.0,72231.0,0.0,72344.0,108600.0,0.0,68300.0,0.0,0.0,0.0,0.0,0.0,0.0,0.0,0.0,0.0,0.0,0.0,0.0,100724.0,96624.0,58588.0,0.0,0.0,130576.0,0.0,0.0,0.0,0.0,0.0,0.0,66532.0,0.0,115400.0,0.0,0.0,68372.0,0.0,0.0,0,0,0.0,0.0,0.0,0.0,0.0,0.0,0.0,0.0,0.0,0.0,0.0,0.0,0.0,0.0,0.0,0.0,0.0,0.0,0.0,0.0,0.0,0.0,0.0
115,115,115,115,AleX 24,0.0,0.0,0.0,0.0,0.0,0.0,0.0,0.0,0.0,0.0,0.0,0.0,0.0,0.0,0.0,0.0,0.0,0.0,0.0,0.0,0.0,0.0,0.0,0.0,0.0,0.0,0.0,0.0,0.0,0.0,0.0,0.0,0.0,0.0,0.0,0.0,0.0,0.0,0.0,0.0,0.0,0.0,0.0,0.0,0.0,0.0,0.0,0.0,0.0,66914.0,0.0,0.0,0,0,0.0,0.0,0.0,0.0,0.0,0.0,0.0,0.0,0.0,0.0,0.0,0.0,0.0,0.0,0.0,0.0,0.0,0.0,0.0,0.0,0.0,0.0,0.0
116,116,116,116,Jammy Dodger,0.0,0.0,0.0,0.0,0.0,0.0,0.0,0.0,0.0,0.0,0.0,0.0,0.0,0.0,0.0,0.0,0.0,0.0,0.0,0.0,0.0,0.0,0.0,0.0,0.0,0.0,0.0,0.0,0.0,0.0,0.0,0.0,0.0,0.0,0.0,0.0,0.0,0.0,0.0,0.0,0.0,0.0,0.0,0.0,0.0,0.0,0.0,0.0,0.0,64604.0,0.0,0.0,0,0,0.0,0.0,0.0,0.0,0.0,0.0,0.0,0.0,0.0,0.0,0.0,0.0,0.0,0.0,0.0,0.0,0.0,0.0,0.0,0.0,0.0,0.0,0.0
117,117,117,117,Santeri,120664.0,0.0,0.0,0.0,0.0,126706.0,0.0,75797.0,0.0,0.0,0.0,0.0,0.0,0.0,0.0,0.0,0.0,0.0,0.0,0.0,0.0,0.0,0.0,0.0,0.0,0.0,0.0,0.0,0.0,0.0,0.0,0.0,0.0,0.0,0.0,0.0,0.0,0.0,0.0,0.0,0.0,0.0,0.0,0.0,0.0,0.0,0.0,0.0,0.0,62547.0,0.0,0.0,0,0,0.0,0.0,0.0,0.0,0.0,0.0,0.0,0.0,0.0,0.0,0.0,0.0,0.0,0.0,0.0,0.0,0.0,0.0,0.0,0.0,0.0,0.0,0.0
118,118,118,118,Vodcat,0.0,0.0,0.0,0.0,0.0,0.0,0.0,0.0,0.0,0.0,0.0,0.0,0.0,0.0,0.0,0.0,38039.0,0.0,0.0,0.0,0.0,0.0,0.0,0.0,0.0,0.0,0.0,0.0,0.0,0.0,0.0,0.0,0.0,0.0,0.0,0.0,0.0,0.0,0.0,0.0,0.0,0.0,0.0,0.0,0.0,0.0,0.0,0.0,0.0,24561.0,0.0,0.0,0,0,0.0,0.0,0.0,0.0,0.0,0.0,0.0,0.0,0.0,0.0,0.0,0.0,0.0,0.0,0.0,0.0,0.0,0.0,0.0,0.0,0.0,0.0,0.0
119,119,119,119,Kaszabi,0.0,0.0,0.0,0.0,0.0,0.0,0.0,0.0,0.0,0.0,0.0,0.0,0.0,0.0,0.0,0.0,0.0,0.0,0.0,0.0,0.0,0.0,0.0,0.0,0.0,0.0,0.0,0.0,0.0,0.0,0.0,0.0,0.0,80176.0,0.0,4651.0,0.0,0.0,0.0,0.0,0.0,0.0,0.0,0.0,0.0,0.0,0.0,0.0,0.0,5648.0,0.0,0.0,0,0,0.0,0.0,0.0,0.0,0.0,0.0,0.0,0.0,0.0,0.0,0.0,0.0,0.0,0.0,0.0,0.0,0.0,0.0,0.0,0.0,0.0,0.0,0.0
120,120,120,120,HFitch,0.0,0.0,0.0,0.0,0.0,0.0,0.0,152383.0,0.0,0.0,0.0,0.0,0.0,0.0,0.0,0.0,0.0,98814.0,0.0,0.0,0.0,0.0,0.0,0.0,0.0,0.0,0.0,0.0,0.0,0.0,0.0,0.0,97419.0,0.0,0.0,53164.0,0.0,0.0,0.0,0.0,0.0,0.0,0.0,0.0,0.0,0.0,0.0,0.0,58210.0,0.0,0.0,0.0,0,0,0.0,0.0,0.0,0.0,0.0,0.0,0.0,0.0,0.0,0.0,0.0,0.0,0.0,0.0,0.0,0.0,0.0,0.0,0.0,0.0,0.0,0.0,0.0
121,121,121,121,lvl27_Cubone,0.0,0.0,0.0,0.0,0.0,0.0,0.0,0.0,0.0,0.0,0.0,74357.0,0.0,0.0,0.0,97308.0,0.0,0.0,0.0,0.0,0.0,0.0,0.0,0.0,0.0,0.0,0.0,0.0,0.0,0.0,63063.0,0.0,0.0,0.0,0.0,0.0,0.0,0.0,0.0,0.0,0.0,0.0,0.0,0.0,62034.0,0.0,0.0,0.0,29247.0,0.0,0.0,0.0,0,0,0.0,0.0,0.0,0.0,0.0,0.0,0.0,0.0,0.0,0.0,0.0,0.0,0.0,0.0,0.0,0.0,0.0,0.0,0.0,0.0,0.0,0.0,0.0
122,122,122,122,AChocolateOrange,0.0,0.0,0.0,0.0,0.0,0.0,0.0,0.0,0.0,0.0,0.0,0.0,0.0,0.0,0.0,0.0,0.0,0.0,0.0,0.0,0.0,0.0,0.0,0.0,0.0,0.0,0.0,0.0,0.0,0.0,0.0,0.0,0.0,0.0,0.0,0.0,0.0,0.0,0.0,0.0,0.0,0.0,0.0,0.0,0.0,0.0,0.0,0.0,17788.0,0.0,0.0,0.0,0,0,0.0,0.0,0.0,0.0,0.0,0.0,0.0,0.0,0.0,0.0,0.0,0.0,0.0,0.0,0.0,0.0,0.0,0.0,0.0,0.0,0.0,0.0,0.0
123,123,123,123,Axatia,0.0,0.0,0.0,0.0,0.0,0.0,0.0,0.0,0.0,0.0,0.0,0.0,0.0,0.0,0.0,0.0,0.0,0.0,0.0,0.0,0.0,0.0,0.0,0.0,98591.0,0.0,0.0,0.0,0.0,0.0,0.0,0.0,0.0,0.0,0.0,56187.0,0.0,0.0,0.0,0.0,0.0,0.0,0.0,0.0,0.0,0.0,114535.0,0.0,0.0,0.0,0.0,0.0,0,0,0.0,0.0,0.0,0.0,0.0,0.0,0.0,0.0,0.0,0.0,0.0,0.0,0.0,0.0,0.0,0.0,0.0,0.0,0.0,0.0,0.0,0.0,0.0
124,124,124,124,kaedoeno,0.0,0.0,0.0,0.0,0.0,0.0,0.0,0.0,0.0,0.0,0.0,0.0,0.0,0.0,0.0,0.0,0.0,0.0,0.0,0.0,0.0,0.0,0.0,0.0,0.0,0.0,0.0,0.0,0.0,0.0,0.0,0.0,0.0,0.0,0.0,0.0,0.0,0.0,0.0,0.0,0.0,0.0,0.0,0.0,63912.0,0.0,0.0,0.0,0.0,0.0,0.0,0.0,0,0,0.0,0.0,0.0,0.0,0.0,0.0,0.0,0.0,0.0,0.0,0.0,0.0,0.0,0.0,0.0,0.0,0.0,0.0,0.0,0.0,0.0,0.0,0.0
125,125,125,125,CursedElectric,0.0,0.0,0.0,0.0,0.0,0.0,0.0,0.0,0.0,0.0,0.0,0.0,0.0,0.0,0.0,0.0,0.0,106433.0,0.0,0.0,0.0,0.0,0.0,0.0,0.0,0.0,0.0,0.0,74812.0,0.0,0.0,0.0,0.0,0.0,0.0,56296.0,0.0,0.0,0.0,0.0,0.0,0.0,0.0,101467.0,0.0,0.0,0.0,0.0,0.0,0.0,0.0,0.0,0,0,0.0,0.0,0.0,0.0,0.0,0.0,0.0,0.0,0.0,0.0,0.0,0.0,0.0,0.0,0.0,0.0,0.0,0.0,0.0,0.0,0.0,0.0,0.0
126,126,126,126,Live Laugh Love (this is ballin),122276.0,149834.0,66183.0,127264.0,0.0,133228.0,0.0,165775.0,70847.0,131672.0,134526.0,79972.0,107104.0,56944.0,71432.0,109124.0,71388.0,108188.0,0.0,67948.0,130071.0,62848.0,0.0,110244.0,99616.0,84316.0,76684.0,95590.0,74568.0,109096.0,66512.0,57320.0,101028.0,97044.0,58108.0,57400.0,86588.0,130332.0,102956.0,103084.0,49144.0,74452.0,51072.0,0.0,0.0,0.0,0.0,0.0,0.0,0.0,0.0,0.0,0,0,0.0,0.0,0.0,0.0,0.0,0.0,0.0,0.0,0.0,0.0,0.0,0.0,0.0,0.0,0.0,0.0,0.0,0.0,0.0,0.0,0.0,0.0,0.0
127,127,127,127,Trokodile174,123460.0,0.0,0.0,0.0,0.0,0.0,0.0,0.0,0.0,0.0,0.0,0.0,0.0,0.0,0.0,0.0,0.0,0.0,0.0,0.0,0.0,62848.0,0.0,0.0,0.0,0.0,0.0,0.0,0.0,0.0,0.0,0.0,0.0,0.0,0.0,0.0,0.0,0.0,0.0,0.0,49424.0,0.0,0.0,0.0,0.0,0.0,0.0,0.0,0.0,0.0,0.0,0.0,0,0,0.0,0.0,0.0,0.0,0.0,0.0,0.0,0.0,0.0,0.0,0.0,0.0,0.0,0.0,0.0,0.0,0.0,0.0,0.0,0.0,0.0,0.0,0.0
128,128,128,128,Dr. Chicken,0.0,0.0,0.0,0.0,0.0,0.0,0.0,0.0,0.0,0.0,0.0,0.0,0.0,0.0,0.0,0.0,71188.0,0.0,0.0,0.0,0.0,0.0,0.0,0.0,0.0,0.0,0.0,0.0,0.0,0.0,0.0,0.0,0.0,0.0,0.0,0.0,0.0,129156.0,0.0,0.0,0.0,0.0,0.0,0.0,0.0,0.0,0.0,0.0,0.0,0.0,0.0,0.0,0,0,0.0,0.0,0.0,0.0,0.0,0.0,0.0,0.0,0.0,0.0,0.0,0.0,0.0,0.0,0.0,0.0,0.0,0.0,0.0,0.0,0.0,0.0,0.0
129,129,129,129,petet,0.0,0.0,0.0,0.0,0.0,0.0,0.0,0.0,0.0,0.0,0.0,0.0,0.0,0.0,0.0,0.0,0.0,0.0,0.0,0.0,0.0,0.0,0.0,0.0,0.0,0.0,0.0,0.0,0.0,0.0,0.0,0.0,0.0,0.0,0.0,0.0,0.0,39802.0,0.0,0.0,0.0,0.0,0.0,0.0,0.0,0.0,0.0,0.0,0.0,0.0,0.0,0.0,0,0,0.0,0.0,0.0,0.0,0.0,0.0,0.0,0.0,0.0,0.0,0.0,0.0,0.0,0.0,0.0,0.0,0.0,0.0,0.0,0.0,0.0,0.0,0.0
130,130,130,130,JaceyPlayz99 (might be incomplete? idk),0.0,0.0,0.0,0.0,0.0,0.0,0.0,0.0,0.0,0.0,0.0,0.0,0.0,0.0,0.0,0.0,0.0,0.0,0.0,0.0,0.0,0.0,0.0,0.0,0.0,0.0,0.0,0.0,0.0,105248.0,0.0,0.0,0.0,0.0,0.0,0.0,0.0,38159.0,0.0,0.0,0.0,0.0,0.0,0.0,0.0,0.0,0.0,0.0,0.0,0.0,0.0,0.0,0,0,0.0,0.0,0.0,0.0,0.0,0.0,0.0,0.0,0.0,0.0,0.0,0.0,0.0,0.0,0.0,0.0,0.0,0.0,0.0,0.0,0.0,0.0,0.0
131,131,131,131,HighCaliberTree,0.0,0.0,0.0,0.0,0.0,0.0,0.0,0.0,0.0,0.0,0.0,0.0,0.0,0.0,0.0,0.0,0.0,0.0,0.0,0.0,0.0,0.0,0.0,0.0,0.0,0.0,0.0,0.0,0.0,0.0,0.0,0.0,0.0,94453.0,0.0,0.0,0.0,0.0,0.0,0.0,0.0,0.0,0.0,0.0,0.0,0.0,0.0,0.0,0.0,0.0,0.0,0.0,0,0,0.0,0.0,0.0,0.0,0.0,0.0,0.0,0.0,0.0,0.0,0.0,0.0,0.0,0.0,0.0,0.0,0.0,0.0,0.0,0.0,0.0,0.0,0.0
132,132,132,132,Mxrip,0.0,0.0,0.0,0.0,0.0,0.0,0.0,0.0,0.0,0.0,0.0,0.0,0.0,0.0,0.0,0.0,0.0,0.0,0.0,0.0,0.0,0.0,0.0,0.0,0.0,0.0,0.0,0.0,0.0,0.0,55816.0,0.0,0.0,0.0,0.0,0.0,0.0,0.0,0.0,0.0,0.0,0.0,0.0,0.0,0.0,0.0,0.0,0.0,0.0,0.0,0.0,0.0,0,0,0.0,0.0,0.0,0.0,0.0,0.0,0.0,0.0,0.0,0.0,0.0,0.0,0.0,0.0,0.0,0.0,0.0,0.0,0.0,0.0,0.0,0.0,0.0
133,133,133,133,rewardadrawer,0.0,0.0,0.0,0.0,0.0,0.0,0.0,0.0,0.0,0.0,0.0,0.0,0.0,0.0,0.0,0.0,55736.0,0.0,0.0,0.0,0.0,0.0,0.0,0.0,0.0,0.0,0.0,0.0,0.0,0.0,53735.0,0.0,0.0,0.0,0.0,0.0,0.0,0.0,0.0,0.0,0.0,0.0,0.0,0.0,0.0,0.0,0.0,0.0,0.0,0.0,0.0,0.0,0,0,0.0,0.0,0.0,0.0,0.0,0.0,0.0,0.0,0.0,0.0,0.0,0.0,0.0,0.0,0.0,0.0,0.0,0.0,0.0,0.0,0.0,0.0,0.0
134,134,134,134,Chegg,0.0,0.0,0.0,0.0,0.0,0.0,0.0,0.0,0.0,0.0,0.0,0.0,0.0,0.0,0.0,0.0,0.0,0.0,0.0,0.0,0.0,0.0,0.0,0.0,0.0,0.0,0.0,0.0,0.0,40832.0,0.0,0.0,0.0,0.0,0.0,0.0,0.0,0.0,0.0,0.0,0.0,0.0,0.0,0.0,0.0,0.0,0.0,0.0,0.0,0.0,0.0,0.0,0,0,0.0,0.0,0.0,0.0,0.0,0.0,0.0,0.0,0.0,0.0,0.0,0.0,0.0,0.0,0.0,0.0,0.0,0.0,0.0,0.0,0.0,0.0,0.0
135,135,135,135,MKNerd,0.0,0.0,0.0,0.0,0.0,0.0,0.0,0.0,0.0,0.0,0.0,0.0,0.0,0.0,0.0,0.0,0.0,0.0,0.0,0.0,0.0,0.0,0.0,0.0,47106.0,0.0,0.0,0.0,0.0,0.0,0.0,0.0,0.0,0.0,0.0,0.0,0.0,0.0,0.0,0.0,0.0,0.0,0.0,0.0,0.0,0.0,0.0,0.0,0.0,0.0,0.0,0.0,0,0,0.0,0.0,0.0,0.0,0.0,0.0,0.0,0.0,0.0,0.0,0.0,0.0,0.0,0.0,0.0,0.0,0.0,0.0,0.0,0.0,0.0,0.0,0.0
136,136,136,136,20/3,0.0,0.0,0.0,0.0,0.0,0.0,0.0,0.0,0.0,0.0,0.0,0.0,0.0,0.0,0.0,108952.0,0.0,0.0,0.0,0.0,0.0,0.0,0.0,0.0,0.0,0.0,0.0,0.0,0.0,0.0,0.0,0.0,0.0,0.0,0.0,0.0,0.0,0.0,0.0,0.0,0.0,0.0,0.0,0.0,0.0,0.0,0.0,0.0,0.0,0.0,0.0,0.0,0,0,0.0,0.0,0.0,0.0,0.0,0.0,0.0,0.0,0.0,0.0,0.0,0.0,0.0,0.0,0.0,0.0,0.0,0.0,0.0,0.0,0.0,0.0,0.0
137,137,137,137,Dacey,0.0,0.0,0.0,0.0,0.0,0.0,0.0,7393.0,0.0,5001.0,0.0,0.0,0.0,0.0,0.0,0.0,0.0,0.0,0.0,0.0,0.0,0.0,0.0,0.0,0.0,0.0,0.0,0.0,0.0,0.0,0.0,0.0,0.0,0.0,0.0,0.0,0.0,0.0,0.0,0.0,0.0,0.0,0.0,0.0,0.0,0.0,0.0,0.0,0.0,0.0,0.0,0.0,0,0,0.0,0.0,0.0,0.0,0.0,0.0,0.0,0.0,0.0,0.0,0.0,0.0,0.0,0.0,0.0,0.0,0.0,0.0,0.0,0.0,0.0,0.0,0.0
